Contract_ID,Contract_Type,Start_Week,End_Week,Start_Index,End_Index,Duration_Weeks,Y_Position,Color
C0035,52-week,202546,202645,1,52,52,0,#2E86AB
C0041,52-week,202546,202645,1,52,52,1,#2E86AB
C0040,52-week,202546,202645,1,52,52,2,#2E86AB
C0039,52-week,202546,202645,1,52,52,3,#2E86AB
C0038,52-week,202546,202645,1,52,52,4,#2E86AB
C0037,52-week,202546,202645,1,52,52,5,#2E86AB
C0036,52-week,202546,202645,1,52,52,6,#2E86AB
C0034,52-week,202546,202645,1,52,52,7,#2E86AB
C0031,52-week,202546,202645,1,52,52,8,#2E86AB
C0032,52-week,202546,202645,1,52,52,9,#2E86AB
C0030,52-week,202546,202645,1,52,52,10,#2E86AB
C0029,52-week,202546,202645,1,52,52,11,#2E86AB
C0033,52-week,202546,202645,1,52,52,12,#2E86AB
C0166,52-week,202615,202713,22,73,52,13,#2E86AB
C0167,52-week,202615,202713,22,73,52,14,#2E86AB
C0213,52-week,202627,202725,34,85,52,15,#2E86AB
C0353,52-week,202648,202746,55,106,52,16,#2E86AB
C0358,52-week,202648,202746,55,106,52,17,#2E86AB
C0357,52-week,202648,202746,55,106,52,18,#2E86AB
C0356,52-week,202648,202746,55,106,52,19,#2E86AB
C0355,52-week,202648,202746,55,106,52,20,#2E86AB
C0354,52-week,202648,202746,55,106,52,21,#2E86AB
C0396,52-week,202653,202751,60,111,52,22,#2E86AB
C0395,52-week,202653,202751,60,111,52,23,#2E86AB
C0394,52-week,202653,202751,60,111,52,24,#2E86AB
C0393,52-week,202653,202751,60,111,52,25,#2E86AB
C0392,52-week,202653,202751,60,111,52,26,#2E86AB
C0391,52-week,202653,202751,60,111,52,27,#2E86AB
C0601,52-week,202737,202836,97,148,52,28,#2E86AB
C0602,52-week,202737,202836,97,148,52,29,#2E86AB
C0603,52-week,202737,202836,97,148,52,30,#2E86AB
C0612,52-week,202739,202838,99,150,52,31,#2E86AB
C0651,52-week,202747,202846,107,158,52,32,#2E86AB
C0650,52-week,202747,202846,107,158,52,33,#2E86AB
C0649,52-week,202747,202846,107,158,52,34,#2E86AB
C0648,52-week,202747,202846,107,158,52,35,#2E86AB
C0652,52-week,202747,202846,107,158,52,36,#2E86AB
C0646,52-week,202747,202846,107,158,52,37,#2E86AB
C0645,52-week,202747,202846,107,158,52,38,#2E86AB
C0644,52-week,202747,202846,107,158,52,39,#2E86AB
C0647,52-week,202747,202846,107,158,52,40,#2E86AB
C0660,52-week,202750,202849,110,161,52,41,#2E86AB
C0661,52-week,202750,202849,110,161,52,42,#2E86AB
C0835,52-week,202832,202931,144,195,52,43,#2E86AB
C0879,52-week,202839,202938,151,202,52,44,#2E86AB
C0882,52-week,202840,202939,152,203,52,45,#2E86AB
C0906,52-week,202843,202942,155,206,52,46,#2E86AB
C0905,52-week,202843,202942,155,206,52,47,#2E86AB
C0904,52-week,202843,202942,155,206,52,48,#2E86AB
C0903,52-week,202843,202942,155,206,52,49,#2E86AB
C0902,52-week,202843,202942,155,206,52,50,#2E86AB
C0914,52-week,202848,202947,160,211,52,51,#2E86AB
C0913,52-week,202848,202947,160,211,52,52,#2E86AB
C0912,52-week,202848,202947,160,211,52,53,#2E86AB
C0910,52-week,202848,202947,160,211,52,54,#2E86AB
C0909,52-week,202848,202947,160,211,52,55,#2E86AB
C0911,52-week,202848,202947,160,211,52,56,#2E86AB
C0932,52-week,202901,202952,165,216,52,57,#2E86AB
C1164,52-week,202942,203041,206,257,52,58,#2E86AB
C1162,52-week,202942,203041,206,257,52,59,#2E86AB
C1163,52-week,202942,203041,206,257,52,60,#2E86AB
C1160,52-week,202942,203041,206,257,52,61,#2E86AB
C1161,52-week,202942,203041,206,257,52,62,#2E86AB
C1182,52-week,202944,203043,208,259,52,63,#2E86AB
C1178,52-week,202944,203043,208,259,52,64,#2E86AB
C1179,52-week,202944,203043,208,259,52,65,#2E86AB
C1180,52-week,202944,203043,208,259,52,66,#2E86AB
C1181,52-week,202944,203043,208,259,52,67,#2E86AB
C1190,52-week,202945,203044,209,260,52,68,#2E86AB
C1189,52-week,202945,203044,209,260,52,69,#2E86AB
C1192,52-week,202945,203044,209,260,52,70,#2E86AB
C1191,52-week,202945,203044,209,260,52,71,#2E86AB
C1188,52-week,202945,203044,209,260,52,72,#2E86AB
C0465,26-week,202715,202740,75,100,26,73,#A23B72
C0464,26-week,202715,202740,75,100,26,74,#A23B72
C0466,26-week,202715,202740,75,100,26,75,#A23B72
C0754,26-week,202816,202841,128,153,26,76,#A23B72
C0772,26-week,202819,202844,131,156,26,77,#A23B72
C1044,26-week,202916,202941,180,205,26,78,#A23B72
C1043,26-week,202916,202941,180,205,26,79,#A23B72
C0001,1-week,202545,202545,0,0,1,80,#C73E1D
C0024,1-week,202545,202545,0,0,1,81,#C73E1D
C0023,1-week,202545,202545,0,0,1,82,#C73E1D
C0022,1-week,202545,202545,0,0,1,83,#C73E1D
C0021,1-week,202545,202545,0,0,1,84,#C73E1D
C0020,1-week,202545,202545,0,0,1,85,#C73E1D
C0019,1-week,202545,202545,0,0,1,86,#C73E1D
C0018,1-week,202545,202545,0,0,1,87,#C73E1D
C0017,1-week,202545,202545,0,0,1,88,#C73E1D
C0016,1-week,202545,202545,0,0,1,89,#C73E1D
C0015,1-week,202545,202545,0,0,1,90,#C73E1D
C0014,1-week,202545,202545,0,0,1,91,#C73E1D
C0025,1-week,202545,202545,0,0,1,92,#C73E1D
C0012,1-week,202545,202545,0,0,1,93,#C73E1D
C0013,1-week,202545,202545,0,0,1,94,#C73E1D
C0002,1-week,202545,202545,0,0,1,95,#C73E1D
C0004,1-week,202545,202545,0,0,1,96,#C73E1D
C0005,1-week,202545,202545,0,0,1,97,#C73E1D
C0006,1-week,202545,202545,0,0,1,98,#C73E1D
C0003,1-week,202545,202545,0,0,1,99,#C73E1D
C0008,1-week,202545,202545,0,0,1,100,#C73E1D
C0009,1-week,202545,202545,0,0,1,101,#C73E1D
C0010,1-week,202545,202545,0,0,1,102,#C73E1D
C0011,1-week,202545,202545,0,0,1,103,#C73E1D
C0007,1-week,202545,202545,0,0,1,104,#C73E1D
C0028,1-week,202546,202546,1,1,1,105,#C73E1D
C0027,1-week,202546,202546,1,1,1,106,#C73E1D
C0026,1-week,202546,202546,1,1,1,107,#C73E1D
C0042,1-week,202548,202548,3,3,1,108,#C73E1D
C0043,1-week,202548,202548,3,3,1,109,#C73E1D
C0052,1-week,202549,202549,4,4,1,110,#C73E1D
C0056,1-week,202549,202549,4,4,1,111,#C73E1D
C0055,1-week,202549,202549,4,4,1,112,#C73E1D
C0054,1-week,202549,202549,4,4,1,113,#C73E1D
C0053,1-week,202549,202549,4,4,1,114,#C73E1D
C0051,1-week,202549,202549,4,4,1,115,#C73E1D
C0046,1-week,202549,202549,4,4,1,116,#C73E1D
C0049,1-week,202549,202549,4,4,1,117,#C73E1D
C0044,1-week,202549,202549,4,4,1,118,#C73E1D
C0045,1-week,202549,202549,4,4,1,119,#C73E1D
C0050,1-week,202549,202549,4,4,1,120,#C73E1D
C0047,1-week,202549,202549,4,4,1,121,#C73E1D
C0048,1-week,202549,202549,4,4,1,122,#C73E1D
C0062,1-week,202550,202550,5,5,1,123,#C73E1D
C0060,1-week,202550,202550,5,5,1,124,#C73E1D
C0061,1-week,202550,202550,5,5,1,125,#C73E1D
C0058,1-week,202550,202550,5,5,1,126,#C73E1D
C0057,1-week,202550,202550,5,5,1,127,#C73E1D
C0059,1-week,202550,202550,5,5,1,128,#C73E1D
C0064,1-week,202601,202601,8,8,1,129,#C73E1D
C0063,1-week,202601,202601,8,8,1,130,#C73E1D
C0065,1-week,202602,202602,9,9,1,131,#C73E1D
C0066,1-week,202602,202602,9,9,1,132,#C73E1D
C0067,1-week,202602,202602,9,9,1,133,#C73E1D
C0068,1-week,202602,202602,9,9,1,134,#C73E1D
C0069,1-week,202602,202602,9,9,1,135,#C73E1D
C0073,1-week,202603,202603,10,10,1,136,#C73E1D
C0074,1-week,202603,202603,10,10,1,137,#C73E1D
C0071,1-week,202603,202603,10,10,1,138,#C73E1D
C0070,1-week,202603,202603,10,10,1,139,#C73E1D
C0072,1-week,202603,202603,10,10,1,140,#C73E1D
C0075,1-week,202604,202604,11,11,1,141,#C73E1D
C0076,1-week,202604,202604,11,11,1,142,#C73E1D
C0077,1-week,202604,202604,11,11,1,143,#C73E1D
C0078,1-week,202604,202604,11,11,1,144,#C73E1D
C0090,1-week,202605,202605,12,12,1,145,#C73E1D
C0089,1-week,202605,202605,12,12,1,146,#C73E1D
C0088,1-week,202605,202605,12,12,1,147,#C73E1D
C0087,1-week,202605,202605,12,12,1,148,#C73E1D
C0086,1-week,202605,202605,12,12,1,149,#C73E1D
C0085,1-week,202605,202605,12,12,1,150,#C73E1D
C0082,1-week,202605,202605,12,12,1,151,#C73E1D
C0083,1-week,202605,202605,12,12,1,152,#C73E1D
C0081,1-week,202605,202605,12,12,1,153,#C73E1D
C0080,1-week,202605,202605,12,12,1,154,#C73E1D
C0079,1-week,202605,202605,12,12,1,155,#C73E1D
C0091,1-week,202605,202605,12,12,1,156,#C73E1D
C0084,1-week,202605,202605,12,12,1,157,#C73E1D
C0094,1-week,202606,202606,13,13,1,158,#C73E1D
C0093,1-week,202606,202606,13,13,1,159,#C73E1D
C0092,1-week,202606,202606,13,13,1,160,#C73E1D
C0106,1-week,202607,202607,14,14,1,161,#C73E1D
C0105,1-week,202607,202607,14,14,1,162,#C73E1D
C0104,1-week,202607,202607,14,14,1,163,#C73E1D
C0102,1-week,202607,202607,14,14,1,164,#C73E1D
C0101,1-week,202607,202607,14,14,1,165,#C73E1D
C0103,1-week,202607,202607,14,14,1,166,#C73E1D
C0099,1-week,202607,202607,14,14,1,167,#C73E1D
C0098,1-week,202607,202607,14,14,1,168,#C73E1D
C0097,1-week,202607,202607,14,14,1,169,#C73E1D
C0096,1-week,202607,202607,14,14,1,170,#C73E1D
C0095,1-week,202607,202607,14,14,1,171,#C73E1D
C0100,1-week,202607,202607,14,14,1,172,#C73E1D
C0114,1-week,202608,202608,15,15,1,173,#C73E1D
C0119,1-week,202608,202608,15,15,1,174,#C73E1D
C0118,1-week,202608,202608,15,15,1,175,#C73E1D
C0116,1-week,202608,202608,15,15,1,176,#C73E1D
C0115,1-week,202608,202608,15,15,1,177,#C73E1D
C0113,1-week,202608,202608,15,15,1,178,#C73E1D
C0117,1-week,202608,202608,15,15,1,179,#C73E1D
C0111,1-week,202608,202608,15,15,1,180,#C73E1D
C0110,1-week,202608,202608,15,15,1,181,#C73E1D
C0109,1-week,202608,202608,15,15,1,182,#C73E1D
C0108,1-week,202608,202608,15,15,1,183,#C73E1D
C0107,1-week,202608,202608,15,15,1,184,#C73E1D
C0112,1-week,202608,202608,15,15,1,185,#C73E1D
C0135,1-week,202609,202609,16,16,1,186,#C73E1D
C0134,1-week,202609,202609,16,16,1,187,#C73E1D
C0133,1-week,202609,202609,16,16,1,188,#C73E1D
C0132,1-week,202609,202609,16,16,1,189,#C73E1D
C0131,1-week,202609,202609,16,16,1,190,#C73E1D
C0130,1-week,202609,202609,16,16,1,191,#C73E1D
C0129,1-week,202609,202609,16,16,1,192,#C73E1D
C0128,1-week,202609,202609,16,16,1,193,#C73E1D
C0127,1-week,202609,202609,16,16,1,194,#C73E1D
C0125,1-week,202609,202609,16,16,1,195,#C73E1D
C0124,1-week,202609,202609,16,16,1,196,#C73E1D
C0123,1-week,202609,202609,16,16,1,197,#C73E1D
C0122,1-week,202609,202609,16,16,1,198,#C73E1D
C0121,1-week,202609,202609,16,16,1,199,#C73E1D
C0120,1-week,202609,202609,16,16,1,200,#C73E1D
C0126,1-week,202609,202609,16,16,1,201,#C73E1D
C0142,1-week,202610,202610,17,17,1,202,#C73E1D
C0145,1-week,202610,202610,17,17,1,203,#C73E1D
C0144,1-week,202610,202610,17,17,1,204,#C73E1D
C0143,1-week,202610,202610,17,17,1,205,#C73E1D
C0141,1-week,202610,202610,17,17,1,206,#C73E1D
C0140,1-week,202610,202610,17,17,1,207,#C73E1D
C0139,1-week,202610,202610,17,17,1,208,#C73E1D
C0138,1-week,202610,202610,17,17,1,209,#C73E1D
C0137,1-week,202610,202610,17,17,1,210,#C73E1D
C0136,1-week,202610,202610,17,17,1,211,#C73E1D
C0146,1-week,202611,202611,18,18,1,212,#C73E1D
C0147,1-week,202611,202611,18,18,1,213,#C73E1D
C0148,1-week,202611,202611,18,18,1,214,#C73E1D
C0159,1-week,202612,202612,19,19,1,215,#C73E1D
C0158,1-week,202612,202612,19,19,1,216,#C73E1D
C0157,1-week,202612,202612,19,19,1,217,#C73E1D
C0156,1-week,202612,202612,19,19,1,218,#C73E1D
C0155,1-week,202612,202612,19,19,1,219,#C73E1D
C0152,1-week,202612,202612,19,19,1,220,#C73E1D
C0153,1-week,202612,202612,19,19,1,221,#C73E1D
C0151,1-week,202612,202612,19,19,1,222,#C73E1D
C0150,1-week,202612,202612,19,19,1,223,#C73E1D
C0149,1-week,202612,202612,19,19,1,224,#C73E1D
C0154,1-week,202612,202612,19,19,1,225,#C73E1D
C0165,1-week,202615,202615,22,22,1,226,#C73E1D
C0164,1-week,202615,202615,22,22,1,227,#C73E1D
C0162,1-week,202615,202615,22,22,1,228,#C73E1D
C0161,1-week,202615,202615,22,22,1,229,#C73E1D
C0160,1-week,202615,202615,22,22,1,230,#C73E1D
C0163,1-week,202615,202615,22,22,1,231,#C73E1D
C0168,1-week,202618,202618,25,25,1,232,#C73E1D
C0169,1-week,202619,202619,26,26,1,233,#C73E1D
C0170,1-week,202619,202619,26,26,1,234,#C73E1D
C0171,1-week,202619,202619,26,26,1,235,#C73E1D
C0173,1-week,202620,202620,27,27,1,236,#C73E1D
C0172,1-week,202620,202620,27,27,1,237,#C73E1D
C0174,1-week,202620,202620,27,27,1,238,#C73E1D
C0181,1-week,202621,202621,28,28,1,239,#C73E1D
C0180,1-week,202621,202621,28,28,1,240,#C73E1D
C0179,1-week,202621,202621,28,28,1,241,#C73E1D
C0175,1-week,202621,202621,28,28,1,242,#C73E1D
C0177,1-week,202621,202621,28,28,1,243,#C73E1D
C0176,1-week,202621,202621,28,28,1,244,#C73E1D
C0182,1-week,202621,202621,28,28,1,245,#C73E1D
C0178,1-week,202621,202621,28,28,1,246,#C73E1D
C0190,1-week,202622,202622,29,29,1,247,#C73E1D
C0189,1-week,202622,202622,29,29,1,248,#C73E1D
C0191,1-week,202622,202622,29,29,1,249,#C73E1D
C0187,1-week,202622,202622,29,29,1,250,#C73E1D
C0188,1-week,202622,202622,29,29,1,251,#C73E1D
C0186,1-week,202622,202622,29,29,1,252,#C73E1D
C0185,1-week,202622,202622,29,29,1,253,#C73E1D
C0184,1-week,202622,202622,29,29,1,254,#C73E1D
C0183,1-week,202622,202622,29,29,1,255,#C73E1D
C0199,1-week,202624,202624,31,31,1,256,#C73E1D
C0198,1-week,202624,202624,31,31,1,257,#C73E1D
C0196,1-week,202624,202624,31,31,1,258,#C73E1D
C0197,1-week,202624,202624,31,31,1,259,#C73E1D
C0194,1-week,202624,202624,31,31,1,260,#C73E1D
C0193,1-week,202624,202624,31,31,1,261,#C73E1D
C0192,1-week,202624,202624,31,31,1,262,#C73E1D
C0195,1-week,202624,202624,31,31,1,263,#C73E1D
C0200,1-week,202625,202625,32,32,1,264,#C73E1D
C0201,1-week,202625,202625,32,32,1,265,#C73E1D
C0202,1-week,202625,202625,32,32,1,266,#C73E1D
C0209,1-week,202627,202627,34,34,1,267,#C73E1D
C0212,1-week,202627,202627,34,34,1,268,#C73E1D
C0210,1-week,202627,202627,34,34,1,269,#C73E1D
C0208,1-week,202627,202627,34,34,1,270,#C73E1D
C0211,1-week,202627,202627,34,34,1,271,#C73E1D
C0206,1-week,202627,202627,34,34,1,272,#C73E1D
C0205,1-week,202627,202627,34,34,1,273,#C73E1D
C0207,1-week,202627,202627,34,34,1,274,#C73E1D
C0204,1-week,202627,202627,34,34,1,275,#C73E1D
C0203,1-week,202627,202627,34,34,1,276,#C73E1D
C0221,1-week,202628,202628,35,35,1,277,#C73E1D
C0220,1-week,202628,202628,35,35,1,278,#C73E1D
C0219,1-week,202628,202628,35,35,1,279,#C73E1D
C0218,1-week,202628,202628,35,35,1,280,#C73E1D
C0222,1-week,202628,202628,35,35,1,281,#C73E1D
C0216,1-week,202628,202628,35,35,1,282,#C73E1D
C0215,1-week,202628,202628,35,35,1,283,#C73E1D
C0214,1-week,202628,202628,35,35,1,284,#C73E1D
C0217,1-week,202628,202628,35,35,1,285,#C73E1D
C0232,1-week,202629,202629,36,36,1,286,#C73E1D
C0231,1-week,202629,202629,36,36,1,287,#C73E1D
C0230,1-week,202629,202629,36,36,1,288,#C73E1D
C0229,1-week,202629,202629,36,36,1,289,#C73E1D
C0228,1-week,202629,202629,36,36,1,290,#C73E1D
C0227,1-week,202629,202629,36,36,1,291,#C73E1D
C0225,1-week,202629,202629,36,36,1,292,#C73E1D
C0224,1-week,202629,202629,36,36,1,293,#C73E1D
C0223,1-week,202629,202629,36,36,1,294,#C73E1D
C0226,1-week,202629,202629,36,36,1,295,#C73E1D
C0238,1-week,202630,202630,37,37,1,296,#C73E1D
C0239,1-week,202630,202630,37,37,1,297,#C73E1D
C0237,1-week,202630,202630,37,37,1,298,#C73E1D
C0234,1-week,202630,202630,37,37,1,299,#C73E1D
C0235,1-week,202630,202630,37,37,1,300,#C73E1D
C0236,1-week,202630,202630,37,37,1,301,#C73E1D
C0233,1-week,202630,202630,37,37,1,302,#C73E1D
C0240,1-week,202631,202631,38,38,1,303,#C73E1D
C0241,1-week,202631,202631,38,38,1,304,#C73E1D
C0242,1-week,202631,202631,38,38,1,305,#C73E1D
C0243,1-week,202631,202631,38,38,1,306,#C73E1D
C0244,1-week,202631,202631,38,38,1,307,#C73E1D
C0246,1-week,202632,202632,39,39,1,308,#C73E1D
C0245,1-week,202632,202632,39,39,1,309,#C73E1D
C0247,1-week,202633,202633,40,40,1,310,#C73E1D
C0248,1-week,202633,202633,40,40,1,311,#C73E1D
C0249,1-week,202633,202633,40,40,1,312,#C73E1D
C0250,1-week,202633,202633,40,40,1,313,#C73E1D
C0251,1-week,202633,202633,40,40,1,314,#C73E1D
C0252,1-week,202633,202633,40,40,1,315,#C73E1D
C0260,1-week,202634,202634,41,41,1,316,#C73E1D
C0259,1-week,202634,202634,41,41,1,317,#C73E1D
C0257,1-week,202634,202634,41,41,1,318,#C73E1D
C0258,1-week,202634,202634,41,41,1,319,#C73E1D
C0255,1-week,202634,202634,41,41,1,320,#C73E1D
C0254,1-week,202634,202634,41,41,1,321,#C73E1D
C0253,1-week,202634,202634,41,41,1,322,#C73E1D
C0256,1-week,202634,202634,41,41,1,323,#C73E1D
C0261,1-week,202636,202636,43,43,1,324,#C73E1D
C0262,1-week,202636,202636,43,43,1,325,#C73E1D
C0263,1-week,202636,202636,43,43,1,326,#C73E1D
C0274,1-week,202637,202637,44,44,1,327,#C73E1D
C0273,1-week,202637,202637,44,44,1,328,#C73E1D
C0272,1-week,202637,202637,44,44,1,329,#C73E1D
C0271,1-week,202637,202637,44,44,1,330,#C73E1D
C0270,1-week,202637,202637,44,44,1,331,#C73E1D
C0268,1-week,202637,202637,44,44,1,332,#C73E1D
C0267,1-week,202637,202637,44,44,1,333,#C73E1D
C0266,1-week,202637,202637,44,44,1,334,#C73E1D
C0265,1-week,202637,202637,44,44,1,335,#C73E1D
C0264,1-week,202637,202637,44,44,1,336,#C73E1D
C0269,1-week,202637,202637,44,44,1,337,#C73E1D
C0282,1-week,202638,202638,45,45,1,338,#C73E1D
C0286,1-week,202638,202638,45,45,1,339,#C73E1D
C0285,1-week,202638,202638,45,45,1,340,#C73E1D
C0284,1-week,202638,202638,45,45,1,341,#C73E1D
C0283,1-week,202638,202638,45,45,1,342,#C73E1D
C0281,1-week,202638,202638,45,45,1,343,#C73E1D
C0279,1-week,202638,202638,45,45,1,344,#C73E1D
C0280,1-week,202638,202638,45,45,1,345,#C73E1D
C0278,1-week,202638,202638,45,45,1,346,#C73E1D
C0277,1-week,202638,202638,45,45,1,347,#C73E1D
C0276,1-week,202638,202638,45,45,1,348,#C73E1D
C0275,1-week,202638,202638,45,45,1,349,#C73E1D
C0297,1-week,202640,202640,47,47,1,350,#C73E1D
C0296,1-week,202640,202640,47,47,1,351,#C73E1D
C0295,1-week,202640,202640,47,47,1,352,#C73E1D
C0294,1-week,202640,202640,47,47,1,353,#C73E1D
C0293,1-week,202640,202640,47,47,1,354,#C73E1D
C0292,1-week,202640,202640,47,47,1,355,#C73E1D
C0291,1-week,202640,202640,47,47,1,356,#C73E1D
C0290,1-week,202640,202640,47,47,1,357,#C73E1D
C0289,1-week,202640,202640,47,47,1,358,#C73E1D
C0288,1-week,202640,202640,47,47,1,359,#C73E1D
C0287,1-week,202640,202640,47,47,1,360,#C73E1D
C0308,1-week,202641,202641,48,48,1,361,#C73E1D
C0307,1-week,202641,202641,48,48,1,362,#C73E1D
C0306,1-week,202641,202641,48,48,1,363,#C73E1D
C0305,1-week,202641,202641,48,48,1,364,#C73E1D
C0303,1-week,202641,202641,48,48,1,365,#C73E1D
C0304,1-week,202641,202641,48,48,1,366,#C73E1D
C0301,1-week,202641,202641,48,48,1,367,#C73E1D
C0300,1-week,202641,202641,48,48,1,368,#C73E1D
C0299,1-week,202641,202641,48,48,1,369,#C73E1D
C0298,1-week,202641,202641,48,48,1,370,#C73E1D
C0302,1-week,202641,202641,48,48,1,371,#C73E1D
C0309,1-week,202642,202642,49,49,1,372,#C73E1D
C0315,1-week,202643,202643,50,50,1,373,#C73E1D
C0319,1-week,202643,202643,50,50,1,374,#C73E1D
C0318,1-week,202643,202643,50,50,1,375,#C73E1D
C0317,1-week,202643,202643,50,50,1,376,#C73E1D
C0316,1-week,202643,202643,50,50,1,377,#C73E1D
C0312,1-week,202643,202643,50,50,1,378,#C73E1D
C0313,1-week,202643,202643,50,50,1,379,#C73E1D
C0311,1-week,202643,202643,50,50,1,380,#C73E1D
C0310,1-week,202643,202643,50,50,1,381,#C73E1D
C0314,1-week,202643,202643,50,50,1,382,#C73E1D
C0323,1-week,202644,202644,51,51,1,383,#C73E1D
C0322,1-week,202644,202644,51,51,1,384,#C73E1D
C0324,1-week,202644,202644,51,51,1,385,#C73E1D
C0320,1-week,202644,202644,51,51,1,386,#C73E1D
C0321,1-week,202644,202644,51,51,1,387,#C73E1D
C0328,1-week,202645,202645,52,52,1,388,#C73E1D
C0327,1-week,202645,202645,52,52,1,389,#C73E1D
C0326,1-week,202645,202645,52,52,1,390,#C73E1D
C0325,1-week,202645,202645,52,52,1,391,#C73E1D
C0344,1-week,202646,202646,53,53,1,392,#C73E1D
C0343,1-week,202646,202646,53,53,1,393,#C73E1D
C0342,1-week,202646,202646,53,53,1,394,#C73E1D
C0341,1-week,202646,202646,53,53,1,395,#C73E1D
C0340,1-week,202646,202646,53,53,1,396,#C73E1D
C0338,1-week,202646,202646,53,53,1,397,#C73E1D
C0337,1-week,202646,202646,53,53,1,398,#C73E1D
C0339,1-week,202646,202646,53,53,1,399,#C73E1D
C0335,1-week,202646,202646,53,53,1,400,#C73E1D
C0334,1-week,202646,202646,53,53,1,401,#C73E1D
C0333,1-week,202646,202646,53,53,1,402,#C73E1D
C0332,1-week,202646,202646,53,53,1,403,#C73E1D
C0331,1-week,202646,202646,53,53,1,404,#C73E1D
C0330,1-week,202646,202646,53,53,1,405,#C73E1D
C0329,1-week,202646,202646,53,53,1,406,#C73E1D
C0336,1-week,202646,202646,53,53,1,407,#C73E1D
C0352,1-week,202648,202648,55,55,1,408,#C73E1D
C0347,1-week,202648,202648,55,55,1,409,#C73E1D
C0350,1-week,202648,202648,55,55,1,410,#C73E1D
C0349,1-week,202648,202648,55,55,1,411,#C73E1D
C0348,1-week,202648,202648,55,55,1,412,#C73E1D
C0346,1-week,202648,202648,55,55,1,413,#C73E1D
C0345,1-week,202648,202648,55,55,1,414,#C73E1D
C0351,1-week,202648,202648,55,55,1,415,#C73E1D
C0364,1-week,202649,202649,56,56,1,416,#C73E1D
C0365,1-week,202649,202649,56,56,1,417,#C73E1D
C0363,1-week,202649,202649,56,56,1,418,#C73E1D
C0366,1-week,202649,202649,56,56,1,419,#C73E1D
C0361,1-week,202649,202649,56,56,1,420,#C73E1D
C0360,1-week,202649,202649,56,56,1,421,#C73E1D
C0359,1-week,202649,202649,56,56,1,422,#C73E1D
C0362,1-week,202649,202649,56,56,1,423,#C73E1D
C0367,1-week,202649,202649,56,56,1,424,#C73E1D
C0381,1-week,202650,202650,57,57,1,425,#C73E1D
C0380,1-week,202650,202650,57,57,1,426,#C73E1D
C0382,1-week,202650,202650,57,57,1,427,#C73E1D
C0378,1-week,202650,202650,57,57,1,428,#C73E1D
C0384,1-week,202650,202650,57,57,1,429,#C73E1D
C0385,1-week,202650,202650,57,57,1,430,#C73E1D
C0383,1-week,202650,202650,57,57,1,431,#C73E1D
C0377,1-week,202650,202650,57,57,1,432,#C73E1D
C0379,1-week,202650,202650,57,57,1,433,#C73E1D
C0375,1-week,202650,202650,57,57,1,434,#C73E1D
C0368,1-week,202650,202650,57,57,1,435,#C73E1D
C0369,1-week,202650,202650,57,57,1,436,#C73E1D
C0370,1-week,202650,202650,57,57,1,437,#C73E1D
C0371,1-week,202650,202650,57,57,1,438,#C73E1D
C0376,1-week,202650,202650,57,57,1,439,#C73E1D
C0373,1-week,202650,202650,57,57,1,440,#C73E1D
C0372,1-week,202650,202650,57,57,1,441,#C73E1D
C0374,1-week,202650,202650,57,57,1,442,#C73E1D
C0390,1-week,202653,202653,60,60,1,443,#C73E1D
C0389,1-week,202653,202653,60,60,1,444,#C73E1D
C0388,1-week,202653,202653,60,60,1,445,#C73E1D
C0387,1-week,202653,202653,60,60,1,446,#C73E1D
C0386,1-week,202653,202653,60,60,1,447,#C73E1D
C0397,1-week,202702,202702,62,62,1,448,#C73E1D
C0398,1-week,202703,202703,63,63,1,449,#C73E1D
C0403,1-week,202704,202704,64,64,1,450,#C73E1D
C0402,1-week,202704,202704,64,64,1,451,#C73E1D
C0404,1-week,202704,202704,64,64,1,452,#C73E1D
C0400,1-week,202704,202704,64,64,1,453,#C73E1D
C0399,1-week,202704,202704,64,64,1,454,#C73E1D
C0401,1-week,202704,202704,64,64,1,455,#C73E1D
C0405,1-week,202705,202705,65,65,1,456,#C73E1D
C0406,1-week,202706,202706,66,66,1,457,#C73E1D
C0407,1-week,202706,202706,66,66,1,458,#C73E1D
C0408,1-week,202706,202706,66,66,1,459,#C73E1D
C0409,1-week,202706,202706,66,66,1,460,#C73E1D
C0410,1-week,202706,202706,66,66,1,461,#C73E1D
C0423,1-week,202707,202707,67,67,1,462,#C73E1D
C0422,1-week,202707,202707,67,67,1,463,#C73E1D
C0421,1-week,202707,202707,67,67,1,464,#C73E1D
C0420,1-week,202707,202707,67,67,1,465,#C73E1D
C0419,1-week,202707,202707,67,67,1,466,#C73E1D
C0418,1-week,202707,202707,67,67,1,467,#C73E1D
C0413,1-week,202707,202707,67,67,1,468,#C73E1D
C0416,1-week,202707,202707,67,67,1,469,#C73E1D
C0415,1-week,202707,202707,67,67,1,470,#C73E1D
C0414,1-week,202707,202707,67,67,1,471,#C73E1D
C0412,1-week,202707,202707,67,67,1,472,#C73E1D
C0411,1-week,202707,202707,67,67,1,473,#C73E1D
C0417,1-week,202707,202707,67,67,1,474,#C73E1D
C0428,1-week,202708,202708,68,68,1,475,#C73E1D
C0427,1-week,202708,202708,68,68,1,476,#C73E1D
C0425,1-week,202708,202708,68,68,1,477,#C73E1D
C0426,1-week,202708,202708,68,68,1,478,#C73E1D
C0424,1-week,202708,202708,68,68,1,479,#C73E1D
C0436,1-week,202709,202709,69,69,1,480,#C73E1D
C0435,1-week,202709,202709,69,69,1,481,#C73E1D
C0434,1-week,202709,202709,69,69,1,482,#C73E1D
C0433,1-week,202709,202709,69,69,1,483,#C73E1D
C0437,1-week,202709,202709,69,69,1,484,#C73E1D
C0431,1-week,202709,202709,69,69,1,485,#C73E1D
C0430,1-week,202709,202709,69,69,1,486,#C73E1D
C0429,1-week,202709,202709,69,69,1,487,#C73E1D
C0432,1-week,202709,202709,69,69,1,488,#C73E1D
C0438,1-week,202710,202710,70,70,1,489,#C73E1D
C0439,1-week,202710,202710,70,70,1,490,#C73E1D
C0440,1-week,202710,202710,70,70,1,491,#C73E1D
C0441,1-week,202710,202710,70,70,1,492,#C73E1D
C0449,1-week,202711,202711,71,71,1,493,#C73E1D
C0453,1-week,202711,202711,71,71,1,494,#C73E1D
C0452,1-week,202711,202711,71,71,1,495,#C73E1D
C0451,1-week,202711,202711,71,71,1,496,#C73E1D
C0450,1-week,202711,202711,71,71,1,497,#C73E1D
C0447,1-week,202711,202711,71,71,1,498,#C73E1D
C0446,1-week,202711,202711,71,71,1,499,#C73E1D
C0445,1-week,202711,202711,71,71,1,500,#C73E1D
C0444,1-week,202711,202711,71,71,1,501,#C73E1D
C0443,1-week,202711,202711,71,71,1,502,#C73E1D
C0442,1-week,202711,202711,71,71,1,503,#C73E1D
C0448,1-week,202711,202711,71,71,1,504,#C73E1D
C0463,1-week,202715,202715,75,75,1,505,#C73E1D
C0462,1-week,202715,202715,75,75,1,506,#C73E1D
C0461,1-week,202715,202715,75,75,1,507,#C73E1D
C0460,1-week,202715,202715,75,75,1,508,#C73E1D
C0457,1-week,202715,202715,75,75,1,509,#C73E1D
C0458,1-week,202715,202715,75,75,1,510,#C73E1D
C0456,1-week,202715,202715,75,75,1,511,#C73E1D
C0455,1-week,202715,202715,75,75,1,512,#C73E1D
C0454,1-week,202715,202715,75,75,1,513,#C73E1D
C0459,1-week,202715,202715,75,75,1,514,#C73E1D
C0472,1-week,202716,202716,76,76,1,515,#C73E1D
C0470,1-week,202716,202716,76,76,1,516,#C73E1D
C0471,1-week,202716,202716,76,76,1,517,#C73E1D
C0468,1-week,202716,202716,76,76,1,518,#C73E1D
C0469,1-week,202716,202716,76,76,1,519,#C73E1D
C0467,1-week,202716,202716,76,76,1,520,#C73E1D
C0479,1-week,202717,202717,77,77,1,521,#C73E1D
C0478,1-week,202717,202717,77,77,1,522,#C73E1D
C0477,1-week,202717,202717,77,77,1,523,#C73E1D
C0474,1-week,202717,202717,77,77,1,524,#C73E1D
C0475,1-week,202717,202717,77,77,1,525,#C73E1D
C0476,1-week,202717,202717,77,77,1,526,#C73E1D
C0473,1-week,202717,202717,77,77,1,527,#C73E1D
C0492,1-week,202719,202719,79,79,1,528,#C73E1D
C0491,1-week,202719,202719,79,79,1,529,#C73E1D
C0490,1-week,202719,202719,79,79,1,530,#C73E1D
C0489,1-week,202719,202719,79,79,1,531,#C73E1D
C0488,1-week,202719,202719,79,79,1,532,#C73E1D
C0487,1-week,202719,202719,79,79,1,533,#C73E1D
C0485,1-week,202719,202719,79,79,1,534,#C73E1D
C0484,1-week,202719,202719,79,79,1,535,#C73E1D
C0483,1-week,202719,202719,79,79,1,536,#C73E1D
C0482,1-week,202719,202719,79,79,1,537,#C73E1D
C0481,1-week,202719,202719,79,79,1,538,#C73E1D
C0480,1-week,202719,202719,79,79,1,539,#C73E1D
C0486,1-week,202719,202719,79,79,1,540,#C73E1D
C0497,1-week,202720,202720,80,80,1,541,#C73E1D
C0496,1-week,202720,202720,80,80,1,542,#C73E1D
C0494,1-week,202720,202720,80,80,1,543,#C73E1D
C0493,1-week,202720,202720,80,80,1,544,#C73E1D
C0495,1-week,202720,202720,80,80,1,545,#C73E1D
C0504,1-week,202722,202722,82,82,1,546,#C73E1D
C0498,1-week,202722,202722,82,82,1,547,#C73E1D
C0499,1-week,202722,202722,82,82,1,548,#C73E1D
C0500,1-week,202722,202722,82,82,1,549,#C73E1D
C0501,1-week,202722,202722,82,82,1,550,#C73E1D
C0502,1-week,202722,202722,82,82,1,551,#C73E1D
C0503,1-week,202722,202722,82,82,1,552,#C73E1D
C0505,1-week,202723,202723,83,83,1,553,#C73E1D
C0506,1-week,202723,202723,83,83,1,554,#C73E1D
C0507,1-week,202723,202723,83,83,1,555,#C73E1D
C0516,1-week,202724,202724,84,84,1,556,#C73E1D
C0515,1-week,202724,202724,84,84,1,557,#C73E1D
C0519,1-week,202724,202724,84,84,1,558,#C73E1D
C0517,1-week,202724,202724,84,84,1,559,#C73E1D
C0514,1-week,202724,202724,84,84,1,560,#C73E1D
C0518,1-week,202724,202724,84,84,1,561,#C73E1D
C0512,1-week,202724,202724,84,84,1,562,#C73E1D
C0511,1-week,202724,202724,84,84,1,563,#C73E1D
C0510,1-week,202724,202724,84,84,1,564,#C73E1D
C0509,1-week,202724,202724,84,84,1,565,#C73E1D
C0513,1-week,202724,202724,84,84,1,566,#C73E1D
C0508,1-week,202724,202724,84,84,1,567,#C73E1D
C0528,1-week,202725,202725,85,85,1,568,#C73E1D
C0527,1-week,202725,202725,85,85,1,569,#C73E1D
C0526,1-week,202725,202725,85,85,1,570,#C73E1D
C0525,1-week,202725,202725,85,85,1,571,#C73E1D
C0521,1-week,202725,202725,85,85,1,572,#C73E1D
C0523,1-week,202725,202725,85,85,1,573,#C73E1D
C0520,1-week,202725,202725,85,85,1,574,#C73E1D
C0524,1-week,202725,202725,85,85,1,575,#C73E1D
C0522,1-week,202725,202725,85,85,1,576,#C73E1D
C0529,1-week,202727,202727,87,87,1,577,#C73E1D
C0530,1-week,202727,202727,87,87,1,578,#C73E1D
C0531,1-week,202727,202727,87,87,1,579,#C73E1D
C0532,1-week,202727,202727,87,87,1,580,#C73E1D
C0533,1-week,202727,202727,87,87,1,581,#C73E1D
C0535,1-week,202727,202727,87,87,1,582,#C73E1D
C0536,1-week,202727,202727,87,87,1,583,#C73E1D
C0537,1-week,202727,202727,87,87,1,584,#C73E1D
C0534,1-week,202727,202727,87,87,1,585,#C73E1D
C0546,1-week,202728,202728,88,88,1,586,#C73E1D
C0550,1-week,202728,202728,88,88,1,587,#C73E1D
C0549,1-week,202728,202728,88,88,1,588,#C73E1D
C0548,1-week,202728,202728,88,88,1,589,#C73E1D
C0547,1-week,202728,202728,88,88,1,590,#C73E1D
C0551,1-week,202728,202728,88,88,1,591,#C73E1D
C0545,1-week,202728,202728,88,88,1,592,#C73E1D
C0543,1-week,202728,202728,88,88,1,593,#C73E1D
C0544,1-week,202728,202728,88,88,1,594,#C73E1D
C0538,1-week,202728,202728,88,88,1,595,#C73E1D
C0539,1-week,202728,202728,88,88,1,596,#C73E1D
C0540,1-week,202728,202728,88,88,1,597,#C73E1D
C0541,1-week,202728,202728,88,88,1,598,#C73E1D
C0542,1-week,202728,202728,88,88,1,599,#C73E1D
C0564,1-week,202729,202729,89,89,1,600,#C73E1D
C0563,1-week,202729,202729,89,89,1,601,#C73E1D
C0562,1-week,202729,202729,89,89,1,602,#C73E1D
C0561,1-week,202729,202729,89,89,1,603,#C73E1D
C0560,1-week,202729,202729,89,89,1,604,#C73E1D
C0559,1-week,202729,202729,89,89,1,605,#C73E1D
C0558,1-week,202729,202729,89,89,1,606,#C73E1D
C0557,1-week,202729,202729,89,89,1,607,#C73E1D
C0556,1-week,202729,202729,89,89,1,608,#C73E1D
C0554,1-week,202729,202729,89,89,1,609,#C73E1D
C0553,1-week,202729,202729,89,89,1,610,#C73E1D
C0552,1-week,202729,202729,89,89,1,611,#C73E1D
C0555,1-week,202729,202729,89,89,1,612,#C73E1D
C0569,1-week,202730,202730,90,90,1,613,#C73E1D
C0568,1-week,202730,202730,90,90,1,614,#C73E1D
C0567,1-week,202730,202730,90,90,1,615,#C73E1D
C0565,1-week,202730,202730,90,90,1,616,#C73E1D
C0566,1-week,202730,202730,90,90,1,617,#C73E1D
C0570,1-week,202731,202731,91,91,1,618,#C73E1D
C0571,1-week,202731,202731,91,91,1,619,#C73E1D
C0572,1-week,202731,202731,91,91,1,620,#C73E1D
C0573,1-week,202731,202731,91,91,1,621,#C73E1D
C0574,1-week,202731,202731,91,91,1,622,#C73E1D
C0575,1-week,202731,202731,91,91,1,623,#C73E1D
C0576,1-week,202731,202731,91,91,1,624,#C73E1D
C0577,1-week,202731,202731,91,91,1,625,#C73E1D
C0578,1-week,202731,202731,91,91,1,626,#C73E1D
C0581,1-week,202732,202732,92,92,1,627,#C73E1D
C0580,1-week,202732,202732,92,92,1,628,#C73E1D
C0579,1-week,202732,202732,92,92,1,629,#C73E1D
C0582,1-week,202733,202733,93,93,1,630,#C73E1D
C0583,1-week,202733,202733,93,93,1,631,#C73E1D
C0584,1-week,202733,202733,93,93,1,632,#C73E1D
C0585,1-week,202733,202733,93,93,1,633,#C73E1D
C0586,1-week,202733,202733,93,93,1,634,#C73E1D
C0587,1-week,202733,202733,93,93,1,635,#C73E1D
C0588,1-week,202733,202733,93,93,1,636,#C73E1D
C0589,1-week,202733,202733,93,93,1,637,#C73E1D
C0590,1-week,202733,202733,93,93,1,638,#C73E1D
C0591,1-week,202733,202733,93,93,1,639,#C73E1D
C0592,1-week,202733,202733,93,93,1,640,#C73E1D
C0593,1-week,202734,202734,94,94,1,641,#C73E1D
C0594,1-week,202737,202737,97,97,1,642,#C73E1D
C0595,1-week,202737,202737,97,97,1,643,#C73E1D
C0596,1-week,202737,202737,97,97,1,644,#C73E1D
C0597,1-week,202737,202737,97,97,1,645,#C73E1D
C0598,1-week,202737,202737,97,97,1,646,#C73E1D
C0599,1-week,202737,202737,97,97,1,647,#C73E1D
C0600,1-week,202737,202737,97,97,1,648,#C73E1D
C0611,1-week,202739,202739,99,99,1,649,#C73E1D
C0610,1-week,202739,202739,99,99,1,650,#C73E1D
C0609,1-week,202739,202739,99,99,1,651,#C73E1D
C0606,1-week,202739,202739,99,99,1,652,#C73E1D
C0607,1-week,202739,202739,99,99,1,653,#C73E1D
C0605,1-week,202739,202739,99,99,1,654,#C73E1D
C0604,1-week,202739,202739,99,99,1,655,#C73E1D
C0608,1-week,202739,202739,99,99,1,656,#C73E1D
C0620,1-week,202742,202742,102,102,1,657,#C73E1D
C0624,1-week,202742,202742,102,102,1,658,#C73E1D
C0623,1-week,202742,202742,102,102,1,659,#C73E1D
C0622,1-week,202742,202742,102,102,1,660,#C73E1D
C0621,1-week,202742,202742,102,102,1,661,#C73E1D
C0619,1-week,202742,202742,102,102,1,662,#C73E1D
C0617,1-week,202742,202742,102,102,1,663,#C73E1D
C0616,1-week,202742,202742,102,102,1,664,#C73E1D
C0615,1-week,202742,202742,102,102,1,665,#C73E1D
C0614,1-week,202742,202742,102,102,1,666,#C73E1D
C0613,1-week,202742,202742,102,102,1,667,#C73E1D
C0618,1-week,202742,202742,102,102,1,668,#C73E1D
C0625,1-week,202743,202743,103,103,1,669,#C73E1D
C0626,1-week,202743,202743,103,103,1,670,#C73E1D
C0630,1-week,202744,202744,104,104,1,671,#C73E1D
C0636,1-week,202744,202744,104,104,1,672,#C73E1D
C0635,1-week,202744,202744,104,104,1,673,#C73E1D
C0634,1-week,202744,202744,104,104,1,674,#C73E1D
C0633,1-week,202744,202744,104,104,1,675,#C73E1D
C0629,1-week,202744,202744,104,104,1,676,#C73E1D
C0631,1-week,202744,202744,104,104,1,677,#C73E1D
C0637,1-week,202744,202744,104,104,1,678,#C73E1D
C0628,1-week,202744,202744,104,104,1,679,#C73E1D
C0627,1-week,202744,202744,104,104,1,680,#C73E1D
C0632,1-week,202744,202744,104,104,1,681,#C73E1D
C0638,1-week,202744,202744,104,104,1,682,#C73E1D
C0643,1-week,202746,202746,106,106,1,683,#C73E1D
C0642,1-week,202746,202746,106,106,1,684,#C73E1D
C0641,1-week,202746,202746,106,106,1,685,#C73E1D
C0640,1-week,202746,202746,106,106,1,686,#C73E1D
C0639,1-week,202746,202746,106,106,1,687,#C73E1D
C0653,1-week,202749,202749,109,109,1,688,#C73E1D
C0654,1-week,202749,202749,109,109,1,689,#C73E1D
C0655,1-week,202749,202749,109,109,1,690,#C73E1D
C0656,1-week,202750,202750,110,110,1,691,#C73E1D
C0657,1-week,202750,202750,110,110,1,692,#C73E1D
C0658,1-week,202750,202750,110,110,1,693,#C73E1D
C0659,1-week,202750,202750,110,110,1,694,#C73E1D
C0671,1-week,202802,202802,114,114,1,695,#C73E1D
C0672,1-week,202802,202802,114,114,1,696,#C73E1D
C0670,1-week,202802,202802,114,114,1,697,#C73E1D
C0674,1-week,202802,202802,114,114,1,698,#C73E1D
C0673,1-week,202802,202802,114,114,1,699,#C73E1D
C0669,1-week,202802,202802,114,114,1,700,#C73E1D
C0662,1-week,202802,202802,114,114,1,701,#C73E1D
C0667,1-week,202802,202802,114,114,1,702,#C73E1D
C0663,1-week,202802,202802,114,114,1,703,#C73E1D
C0664,1-week,202802,202802,114,114,1,704,#C73E1D
C0668,1-week,202802,202802,114,114,1,705,#C73E1D
C0666,1-week,202802,202802,114,114,1,706,#C73E1D
C0665,1-week,202802,202802,114,114,1,707,#C73E1D
C0675,1-week,202803,202803,115,115,1,708,#C73E1D
C0676,1-week,202803,202803,115,115,1,709,#C73E1D
C0677,1-week,202803,202803,115,115,1,710,#C73E1D
C0678,1-week,202803,202803,115,115,1,711,#C73E1D
C0679,1-week,202803,202803,115,115,1,712,#C73E1D
C0680,1-week,202804,202804,116,116,1,713,#C73E1D
C0681,1-week,202804,202804,116,116,1,714,#C73E1D
C0682,1-week,202805,202805,117,117,1,715,#C73E1D
C0683,1-week,202805,202805,117,117,1,716,#C73E1D
C0684,1-week,202805,202805,117,117,1,717,#C73E1D
C0685,1-week,202805,202805,117,117,1,718,#C73E1D
C0686,1-week,202805,202805,117,117,1,719,#C73E1D
C0690,1-week,202806,202806,118,118,1,720,#C73E1D
C0689,1-week,202806,202806,118,118,1,721,#C73E1D
C0691,1-week,202806,202806,118,118,1,722,#C73E1D
C0687,1-week,202806,202806,118,118,1,723,#C73E1D
C0688,1-week,202806,202806,118,118,1,724,#C73E1D
C0694,1-week,202807,202807,119,119,1,725,#C73E1D
C0693,1-week,202807,202807,119,119,1,726,#C73E1D
C0692,1-week,202807,202807,119,119,1,727,#C73E1D
C0704,1-week,202808,202808,120,120,1,728,#C73E1D
C0702,1-week,202808,202808,120,120,1,729,#C73E1D
C0700,1-week,202808,202808,120,120,1,730,#C73E1D
C0699,1-week,202808,202808,120,120,1,731,#C73E1D
C0703,1-week,202808,202808,120,120,1,732,#C73E1D
C0697,1-week,202808,202808,120,120,1,733,#C73E1D
C0696,1-week,202808,202808,120,120,1,734,#C73E1D
C0695,1-week,202808,202808,120,120,1,735,#C73E1D
C0698,1-week,202808,202808,120,120,1,736,#C73E1D
C0701,1-week,202808,202808,120,120,1,737,#C73E1D
C0705,1-week,202809,202809,121,121,1,738,#C73E1D
C0706,1-week,202809,202809,121,121,1,739,#C73E1D
C0707,1-week,202809,202809,121,121,1,740,#C73E1D
C0708,1-week,202809,202809,121,121,1,741,#C73E1D
C0715,1-week,202810,202810,122,122,1,742,#C73E1D
C0719,1-week,202810,202810,122,122,1,743,#C73E1D
C0718,1-week,202810,202810,122,122,1,744,#C73E1D
C0717,1-week,202810,202810,122,122,1,745,#C73E1D
C0716,1-week,202810,202810,122,122,1,746,#C73E1D
C0713,1-week,202810,202810,122,122,1,747,#C73E1D
C0712,1-week,202810,202810,122,122,1,748,#C73E1D
C0711,1-week,202810,202810,122,122,1,749,#C73E1D
C0710,1-week,202810,202810,122,122,1,750,#C73E1D
C0709,1-week,202810,202810,122,122,1,751,#C73E1D
C0714,1-week,202810,202810,122,122,1,752,#C73E1D
C0733,1-week,202811,202811,123,123,1,753,#C73E1D
C0732,1-week,202811,202811,123,123,1,754,#C73E1D
C0731,1-week,202811,202811,123,123,1,755,#C73E1D
C0730,1-week,202811,202811,123,123,1,756,#C73E1D
C0729,1-week,202811,202811,123,123,1,757,#C73E1D
C0728,1-week,202811,202811,123,123,1,758,#C73E1D
C0727,1-week,202811,202811,123,123,1,759,#C73E1D
C0726,1-week,202811,202811,123,123,1,760,#C73E1D
C0725,1-week,202811,202811,123,123,1,761,#C73E1D
C0724,1-week,202811,202811,123,123,1,762,#C73E1D
C0723,1-week,202811,202811,123,123,1,763,#C73E1D
C0722,1-week,202811,202811,123,123,1,764,#C73E1D
C0721,1-week,202811,202811,123,123,1,765,#C73E1D
C0720,1-week,202811,202811,123,123,1,766,#C73E1D
C0742,1-week,202812,202812,124,124,1,767,#C73E1D
C0741,1-week,202812,202812,124,124,1,768,#C73E1D
C0743,1-week,202812,202812,124,124,1,769,#C73E1D
C0740,1-week,202812,202812,124,124,1,770,#C73E1D
C0739,1-week,202812,202812,124,124,1,771,#C73E1D
C0736,1-week,202812,202812,124,124,1,772,#C73E1D
C0737,1-week,202812,202812,124,124,1,773,#C73E1D
C0735,1-week,202812,202812,124,124,1,774,#C73E1D
C0734,1-week,202812,202812,124,124,1,775,#C73E1D
C0738,1-week,202812,202812,124,124,1,776,#C73E1D
C0753,1-week,202815,202815,127,127,1,777,#C73E1D
C0752,1-week,202815,202815,127,127,1,778,#C73E1D
C0751,1-week,202815,202815,127,127,1,779,#C73E1D
C0750,1-week,202815,202815,127,127,1,780,#C73E1D
C0749,1-week,202815,202815,127,127,1,781,#C73E1D
C0748,1-week,202815,202815,127,127,1,782,#C73E1D
C0746,1-week,202815,202815,127,127,1,783,#C73E1D
C0745,1-week,202815,202815,127,127,1,784,#C73E1D
C0744,1-week,202815,202815,127,127,1,785,#C73E1D
C0747,1-week,202815,202815,127,127,1,786,#C73E1D
C0761,1-week,202817,202817,129,129,1,787,#C73E1D
C0762,1-week,202817,202817,129,129,1,788,#C73E1D
C0760,1-week,202817,202817,129,129,1,789,#C73E1D
C0759,1-week,202817,202817,129,129,1,790,#C73E1D
C0758,1-week,202817,202817,129,129,1,791,#C73E1D
C0757,1-week,202817,202817,129,129,1,792,#C73E1D
C0756,1-week,202817,202817,129,129,1,793,#C73E1D
C0755,1-week,202817,202817,129,129,1,794,#C73E1D
C0771,1-week,202818,202818,130,130,1,795,#C73E1D
C0769,1-week,202818,202818,130,130,1,796,#C73E1D
C0768,1-week,202818,202818,130,130,1,797,#C73E1D
C0767,1-week,202818,202818,130,130,1,798,#C73E1D
C0770,1-week,202818,202818,130,130,1,799,#C73E1D
C0765,1-week,202818,202818,130,130,1,800,#C73E1D
C0764,1-week,202818,202818,130,130,1,801,#C73E1D
C0763,1-week,202818,202818,130,130,1,802,#C73E1D
C0766,1-week,202818,202818,130,130,1,803,#C73E1D
C0773,1-week,202820,202820,132,132,1,804,#C73E1D
C0774,1-week,202820,202820,132,132,1,805,#C73E1D
C0775,1-week,202820,202820,132,132,1,806,#C73E1D
C0776,1-week,202820,202820,132,132,1,807,#C73E1D
C0777,1-week,202820,202820,132,132,1,808,#C73E1D
C0778,1-week,202820,202820,132,132,1,809,#C73E1D
C0785,1-week,202821,202821,133,133,1,810,#C73E1D
C0787,1-week,202821,202821,133,133,1,811,#C73E1D
C0786,1-week,202821,202821,133,133,1,812,#C73E1D
C0784,1-week,202821,202821,133,133,1,813,#C73E1D
C0782,1-week,202821,202821,133,133,1,814,#C73E1D
C0781,1-week,202821,202821,133,133,1,815,#C73E1D
C0780,1-week,202821,202821,133,133,1,816,#C73E1D
C0779,1-week,202821,202821,133,133,1,817,#C73E1D
C0783,1-week,202821,202821,133,133,1,818,#C73E1D
C0788,1-week,202822,202822,134,134,1,819,#C73E1D
C0792,1-week,202824,202824,136,136,1,820,#C73E1D
C0789,1-week,202824,202824,136,136,1,821,#C73E1D
C0790,1-week,202824,202824,136,136,1,822,#C73E1D
C0791,1-week,202824,202824,136,136,1,823,#C73E1D
C0793,1-week,202824,202824,136,136,1,824,#C73E1D
C0797,1-week,202825,202825,137,137,1,825,#C73E1D
C0796,1-week,202825,202825,137,137,1,826,#C73E1D
C0794,1-week,202825,202825,137,137,1,827,#C73E1D
C0795,1-week,202825,202825,137,137,1,828,#C73E1D
C0798,1-week,202827,202827,139,139,1,829,#C73E1D
C0799,1-week,202827,202827,139,139,1,830,#C73E1D
C0808,1-week,202828,202828,140,140,1,831,#C73E1D
C0809,1-week,202828,202828,140,140,1,832,#C73E1D
C0807,1-week,202828,202828,140,140,1,833,#C73E1D
C0811,1-week,202828,202828,140,140,1,834,#C73E1D
C0810,1-week,202828,202828,140,140,1,835,#C73E1D
C0806,1-week,202828,202828,140,140,1,836,#C73E1D
C0803,1-week,202828,202828,140,140,1,837,#C73E1D
C0804,1-week,202828,202828,140,140,1,838,#C73E1D
C0805,1-week,202828,202828,140,140,1,839,#C73E1D
C0802,1-week,202828,202828,140,140,1,840,#C73E1D
C0801,1-week,202828,202828,140,140,1,841,#C73E1D
C0800,1-week,202828,202828,140,140,1,842,#C73E1D
C0819,1-week,202829,202829,141,141,1,843,#C73E1D
C0818,1-week,202829,202829,141,141,1,844,#C73E1D
C0817,1-week,202829,202829,141,141,1,845,#C73E1D
C0816,1-week,202829,202829,141,141,1,846,#C73E1D
C0815,1-week,202829,202829,141,141,1,847,#C73E1D
C0814,1-week,202829,202829,141,141,1,848,#C73E1D
C0813,1-week,202829,202829,141,141,1,849,#C73E1D
C0812,1-week,202829,202829,141,141,1,850,#C73E1D
C0828,1-week,202830,202830,142,142,1,851,#C73E1D
C0826,1-week,202830,202830,142,142,1,852,#C73E1D
C0825,1-week,202830,202830,142,142,1,853,#C73E1D
C0824,1-week,202830,202830,142,142,1,854,#C73E1D
C0827,1-week,202830,202830,142,142,1,855,#C73E1D
C0822,1-week,202830,202830,142,142,1,856,#C73E1D
C0821,1-week,202830,202830,142,142,1,857,#C73E1D
C0820,1-week,202830,202830,142,142,1,858,#C73E1D
C0823,1-week,202830,202830,142,142,1,859,#C73E1D
C0829,1-week,202831,202831,143,143,1,860,#C73E1D
C0830,1-week,202831,202831,143,143,1,861,#C73E1D
C0831,1-week,202831,202831,143,143,1,862,#C73E1D
C0832,1-week,202831,202831,143,143,1,863,#C73E1D
C0833,1-week,202831,202831,143,143,1,864,#C73E1D
C0834,1-week,202831,202831,143,143,1,865,#C73E1D
C0842,1-week,202833,202833,145,145,1,866,#C73E1D
C0841,1-week,202833,202833,145,145,1,867,#C73E1D
C0840,1-week,202833,202833,145,145,1,868,#C73E1D
C0836,1-week,202833,202833,145,145,1,869,#C73E1D
C0838,1-week,202833,202833,145,145,1,870,#C73E1D
C0837,1-week,202833,202833,145,145,1,871,#C73E1D
C0839,1-week,202833,202833,145,145,1,872,#C73E1D
C0843,1-week,202834,202834,146,146,1,873,#C73E1D
C0844,1-week,202834,202834,146,146,1,874,#C73E1D
C0851,1-week,202836,202836,148,148,1,875,#C73E1D
C0854,1-week,202836,202836,148,148,1,876,#C73E1D
C0852,1-week,202836,202836,148,148,1,877,#C73E1D
C0850,1-week,202836,202836,148,148,1,878,#C73E1D
C0853,1-week,202836,202836,148,148,1,879,#C73E1D
C0848,1-week,202836,202836,148,148,1,880,#C73E1D
C0847,1-week,202836,202836,148,148,1,881,#C73E1D
C0846,1-week,202836,202836,148,148,1,882,#C73E1D
C0849,1-week,202836,202836,148,148,1,883,#C73E1D
C0845,1-week,202836,202836,148,148,1,884,#C73E1D
C0866,1-week,202837,202837,149,149,1,885,#C73E1D
C0865,1-week,202837,202837,149,149,1,886,#C73E1D
C0864,1-week,202837,202837,149,149,1,887,#C73E1D
C0863,1-week,202837,202837,149,149,1,888,#C73E1D
C0862,1-week,202837,202837,149,149,1,889,#C73E1D
C0861,1-week,202837,202837,149,149,1,890,#C73E1D
C0860,1-week,202837,202837,149,149,1,891,#C73E1D
C0859,1-week,202837,202837,149,149,1,892,#C73E1D
C0858,1-week,202837,202837,149,149,1,893,#C73E1D
C0857,1-week,202837,202837,149,149,1,894,#C73E1D
C0856,1-week,202837,202837,149,149,1,895,#C73E1D
C0855,1-week,202837,202837,149,149,1,896,#C73E1D
C0877,1-week,202838,202838,150,150,1,897,#C73E1D
C0876,1-week,202838,202838,150,150,1,898,#C73E1D
C0878,1-week,202838,202838,150,150,1,899,#C73E1D
C0874,1-week,202838,202838,150,150,1,900,#C73E1D
C0873,1-week,202838,202838,150,150,1,901,#C73E1D
C0875,1-week,202838,202838,150,150,1,902,#C73E1D
C0871,1-week,202838,202838,150,150,1,903,#C73E1D
C0870,1-week,202838,202838,150,150,1,904,#C73E1D
C0869,1-week,202838,202838,150,150,1,905,#C73E1D
C0868,1-week,202838,202838,150,150,1,906,#C73E1D
C0867,1-week,202838,202838,150,150,1,907,#C73E1D
C0872,1-week,202838,202838,150,150,1,908,#C73E1D
C0880,1-week,202840,202840,152,152,1,909,#C73E1D
C0881,1-week,202840,202840,152,152,1,910,#C73E1D
C0894,1-week,202841,202841,153,153,1,911,#C73E1D
C0893,1-week,202841,202841,153,153,1,912,#C73E1D
C0892,1-week,202841,202841,153,153,1,913,#C73E1D
C0891,1-week,202841,202841,153,153,1,914,#C73E1D
C0890,1-week,202841,202841,153,153,1,915,#C73E1D
C0889,1-week,202841,202841,153,153,1,916,#C73E1D
C0886,1-week,202841,202841,153,153,1,917,#C73E1D
C0887,1-week,202841,202841,153,153,1,918,#C73E1D
C0885,1-week,202841,202841,153,153,1,919,#C73E1D
C0884,1-week,202841,202841,153,153,1,920,#C73E1D
C0883,1-week,202841,202841,153,153,1,921,#C73E1D
C0888,1-week,202841,202841,153,153,1,922,#C73E1D
C0901,1-week,202843,202843,155,155,1,923,#C73E1D
C0899,1-week,202843,202843,155,155,1,924,#C73E1D
C0898,1-week,202843,202843,155,155,1,925,#C73E1D
C0897,1-week,202843,202843,155,155,1,926,#C73E1D
C0896,1-week,202843,202843,155,155,1,927,#C73E1D
C0895,1-week,202843,202843,155,155,1,928,#C73E1D
C0900,1-week,202843,202843,155,155,1,929,#C73E1D
C0907,1-week,202845,202845,157,157,1,930,#C73E1D
C0908,1-week,202845,202845,157,157,1,931,#C73E1D
C0915,1-week,202849,202849,161,161,1,932,#C73E1D
C0916,1-week,202849,202849,161,161,1,933,#C73E1D
C0931,1-week,202850,202850,162,162,1,934,#C73E1D
C0930,1-week,202850,202850,162,162,1,935,#C73E1D
C0929,1-week,202850,202850,162,162,1,936,#C73E1D
C0928,1-week,202850,202850,162,162,1,937,#C73E1D
C0927,1-week,202850,202850,162,162,1,938,#C73E1D
C0926,1-week,202850,202850,162,162,1,939,#C73E1D
C0924,1-week,202850,202850,162,162,1,940,#C73E1D
C0925,1-week,202850,202850,162,162,1,941,#C73E1D
C0922,1-week,202850,202850,162,162,1,942,#C73E1D
C0921,1-week,202850,202850,162,162,1,943,#C73E1D
C0920,1-week,202850,202850,162,162,1,944,#C73E1D
C0919,1-week,202850,202850,162,162,1,945,#C73E1D
C0918,1-week,202850,202850,162,162,1,946,#C73E1D
C0917,1-week,202850,202850,162,162,1,947,#C73E1D
C0923,1-week,202850,202850,162,162,1,948,#C73E1D
C0941,1-week,202902,202902,166,166,1,949,#C73E1D
C0940,1-week,202902,202902,166,166,1,950,#C73E1D
C0939,1-week,202902,202902,166,166,1,951,#C73E1D
C0938,1-week,202902,202902,166,166,1,952,#C73E1D
C0936,1-week,202902,202902,166,166,1,953,#C73E1D
C0935,1-week,202902,202902,166,166,1,954,#C73E1D
C0934,1-week,202902,202902,166,166,1,955,#C73E1D
C0933,1-week,202902,202902,166,166,1,956,#C73E1D
C0937,1-week,202902,202902,166,166,1,957,#C73E1D
C0950,1-week,202903,202903,167,167,1,958,#C73E1D
C0955,1-week,202903,202903,167,167,1,959,#C73E1D
C0954,1-week,202903,202903,167,167,1,960,#C73E1D
C0953,1-week,202903,202903,167,167,1,961,#C73E1D
C0952,1-week,202903,202903,167,167,1,962,#C73E1D
C0951,1-week,202903,202903,167,167,1,963,#C73E1D
C0949,1-week,202903,202903,167,167,1,964,#C73E1D
C0948,1-week,202903,202903,167,167,1,965,#C73E1D
C0947,1-week,202903,202903,167,167,1,966,#C73E1D
C0946,1-week,202903,202903,167,167,1,967,#C73E1D
C0945,1-week,202903,202903,167,167,1,968,#C73E1D
C0944,1-week,202903,202903,167,167,1,969,#C73E1D
C0943,1-week,202903,202903,167,167,1,970,#C73E1D
C0942,1-week,202903,202903,167,167,1,971,#C73E1D
C0966,1-week,202904,202904,168,168,1,972,#C73E1D
C0965,1-week,202904,202904,168,168,1,973,#C73E1D
C0964,1-week,202904,202904,168,168,1,974,#C73E1D
C0963,1-week,202904,202904,168,168,1,975,#C73E1D
C0962,1-week,202904,202904,168,168,1,976,#C73E1D
C0959,1-week,202904,202904,168,168,1,977,#C73E1D
C0960,1-week,202904,202904,168,168,1,978,#C73E1D
C0958,1-week,202904,202904,168,168,1,979,#C73E1D
C0957,1-week,202904,202904,168,168,1,980,#C73E1D
C0956,1-week,202904,202904,168,168,1,981,#C73E1D
C0961,1-week,202904,202904,168,168,1,982,#C73E1D
C0970,1-week,202905,202905,169,169,1,983,#C73E1D
C0969,1-week,202905,202905,169,169,1,984,#C73E1D
C0971,1-week,202905,202905,169,169,1,985,#C73E1D
C0967,1-week,202905,202905,169,169,1,986,#C73E1D
C0968,1-week,202905,202905,169,169,1,987,#C73E1D
C0972,1-week,202906,202906,170,170,1,988,#C73E1D
C0973,1-week,202906,202906,170,170,1,989,#C73E1D
C0974,1-week,202906,202906,170,170,1,990,#C73E1D
C0984,1-week,202907,202907,171,171,1,991,#C73E1D
C0983,1-week,202907,202907,171,171,1,992,#C73E1D
C0982,1-week,202907,202907,171,171,1,993,#C73E1D
C0980,1-week,202907,202907,171,171,1,994,#C73E1D
C0981,1-week,202907,202907,171,171,1,995,#C73E1D
C0978,1-week,202907,202907,171,171,1,996,#C73E1D
C0977,1-week,202907,202907,171,171,1,997,#C73E1D
C0976,1-week,202907,202907,171,171,1,998,#C73E1D
C0975,1-week,202907,202907,171,171,1,999,#C73E1D
C0979,1-week,202907,202907,171,171,1,1000,#C73E1D
C0985,1-week,202908,202908,172,172,1,1001,#C73E1D
C0986,1-week,202908,202908,172,172,1,1002,#C73E1D
C0987,1-week,202908,202908,172,172,1,1003,#C73E1D
C0988,1-week,202908,202908,172,172,1,1004,#C73E1D
C0989,1-week,202908,202908,172,172,1,1005,#C73E1D
C0990,1-week,202908,202908,172,172,1,1006,#C73E1D
C0991,1-week,202908,202908,172,172,1,1007,#C73E1D
C0997,1-week,202909,202909,173,173,1,1008,#C73E1D
C0995,1-week,202909,202909,173,173,1,1009,#C73E1D
C0996,1-week,202909,202909,173,173,1,1010,#C73E1D
C0993,1-week,202909,202909,173,173,1,1011,#C73E1D
C0992,1-week,202909,202909,173,173,1,1012,#C73E1D
C0994,1-week,202909,202909,173,173,1,1013,#C73E1D
C0998,1-week,202910,202910,174,174,1,1014,#C73E1D
C1011,1-week,202910,202910,174,174,1,1015,#C73E1D
C1010,1-week,202910,202910,174,174,1,1016,#C73E1D
C1009,1-week,202910,202910,174,174,1,1017,#C73E1D
C1007,1-week,202910,202910,174,174,1,1018,#C73E1D
C1005,1-week,202910,202910,174,174,1,1019,#C73E1D
C1008,1-week,202910,202910,174,174,1,1020,#C73E1D
C1003,1-week,202910,202910,174,174,1,1021,#C73E1D
C1002,1-week,202910,202910,174,174,1,1022,#C73E1D
C1001,1-week,202910,202910,174,174,1,1023,#C73E1D
C1000,1-week,202910,202910,174,174,1,1024,#C73E1D
C0999,1-week,202910,202910,174,174,1,1025,#C73E1D
C1004,1-week,202910,202910,174,174,1,1026,#C73E1D
C1006,1-week,202910,202910,174,174,1,1027,#C73E1D
C1019,1-week,202911,202911,175,175,1,1028,#C73E1D
C1025,1-week,202911,202911,175,175,1,1029,#C73E1D
C1024,1-week,202911,202911,175,175,1,1030,#C73E1D
C1023,1-week,202911,202911,175,175,1,1031,#C73E1D
C1022,1-week,202911,202911,175,175,1,1032,#C73E1D
C1021,1-week,202911,202911,175,175,1,1033,#C73E1D
C1020,1-week,202911,202911,175,175,1,1034,#C73E1D
C1018,1-week,202911,202911,175,175,1,1035,#C73E1D
C1016,1-week,202911,202911,175,175,1,1036,#C73E1D
C1015,1-week,202911,202911,175,175,1,1037,#C73E1D
C1014,1-week,202911,202911,175,175,1,1038,#C73E1D
C1013,1-week,202911,202911,175,175,1,1039,#C73E1D
C1012,1-week,202911,202911,175,175,1,1040,#C73E1D
C1017,1-week,202911,202911,175,175,1,1041,#C73E1D
C1035,1-week,202912,202912,176,176,1,1042,#C73E1D
C1034,1-week,202912,202912,176,176,1,1043,#C73E1D
C1033,1-week,202912,202912,176,176,1,1044,#C73E1D
C1032,1-week,202912,202912,176,176,1,1045,#C73E1D
C1031,1-week,202912,202912,176,176,1,1046,#C73E1D
C1029,1-week,202912,202912,176,176,1,1047,#C73E1D
C1028,1-week,202912,202912,176,176,1,1048,#C73E1D
C1027,1-week,202912,202912,176,176,1,1049,#C73E1D
C1026,1-week,202912,202912,176,176,1,1050,#C73E1D
C1030,1-week,202912,202912,176,176,1,1051,#C73E1D
C1041,1-week,202915,202915,179,179,1,1052,#C73E1D
C1036,1-week,202915,202915,179,179,1,1053,#C73E1D
C1037,1-week,202915,202915,179,179,1,1054,#C73E1D
C1038,1-week,202915,202915,179,179,1,1055,#C73E1D
C1039,1-week,202915,202915,179,179,1,1056,#C73E1D
C1040,1-week,202915,202915,179,179,1,1057,#C73E1D
C1042,1-week,202915,202915,179,179,1,1058,#C73E1D
C1045,1-week,202917,202917,181,181,1,1059,#C73E1D
C1046,1-week,202917,202917,181,181,1,1060,#C73E1D
C1047,1-week,202919,202919,183,183,1,1061,#C73E1D
C1055,1-week,202920,202920,184,184,1,1062,#C73E1D
C1054,1-week,202920,202920,184,184,1,1063,#C73E1D
C1052,1-week,202920,202920,184,184,1,1064,#C73E1D
C1056,1-week,202920,202920,184,184,1,1065,#C73E1D
C1050,1-week,202920,202920,184,184,1,1066,#C73E1D
C1049,1-week,202920,202920,184,184,1,1067,#C73E1D
C1048,1-week,202920,202920,184,184,1,1068,#C73E1D
C1051,1-week,202920,202920,184,184,1,1069,#C73E1D
C1053,1-week,202920,202920,184,184,1,1070,#C73E1D
C1062,1-week,202921,202921,185,185,1,1071,#C73E1D
C1057,1-week,202921,202921,185,185,1,1072,#C73E1D
C1058,1-week,202921,202921,185,185,1,1073,#C73E1D
C1059,1-week,202921,202921,185,185,1,1074,#C73E1D
C1060,1-week,202921,202921,185,185,1,1075,#C73E1D
C1061,1-week,202921,202921,185,185,1,1076,#C73E1D
C1066,1-week,202922,202922,186,186,1,1077,#C73E1D
C1065,1-week,202922,202922,186,186,1,1078,#C73E1D
C1063,1-week,202922,202922,186,186,1,1079,#C73E1D
C1067,1-week,202922,202922,186,186,1,1080,#C73E1D
C1064,1-week,202922,202922,186,186,1,1081,#C73E1D
C1068,1-week,202922,202922,186,186,1,1082,#C73E1D
C1070,1-week,202923,202923,187,187,1,1083,#C73E1D
C1069,1-week,202923,202923,187,187,1,1084,#C73E1D
C1078,1-week,202924,202924,188,188,1,1085,#C73E1D
C1071,1-week,202924,202924,188,188,1,1086,#C73E1D
C1072,1-week,202924,202924,188,188,1,1087,#C73E1D
C1073,1-week,202924,202924,188,188,1,1088,#C73E1D
C1074,1-week,202924,202924,188,188,1,1089,#C73E1D
C1075,1-week,202924,202924,188,188,1,1090,#C73E1D
C1076,1-week,202924,202924,188,188,1,1091,#C73E1D
C1077,1-week,202924,202924,188,188,1,1092,#C73E1D
C1079,1-week,202924,202924,188,188,1,1093,#C73E1D
C1085,1-week,202925,202925,189,189,1,1094,#C73E1D
C1084,1-week,202925,202925,189,189,1,1095,#C73E1D
C1083,1-week,202925,202925,189,189,1,1096,#C73E1D
C1086,1-week,202925,202925,189,189,1,1097,#C73E1D
C1081,1-week,202925,202925,189,189,1,1098,#C73E1D
C1080,1-week,202925,202925,189,189,1,1099,#C73E1D
C1082,1-week,202925,202925,189,189,1,1100,#C73E1D
C1090,1-week,202927,202927,191,191,1,1101,#C73E1D
C1089,1-week,202927,202927,191,191,1,1102,#C73E1D
C1087,1-week,202927,202927,191,191,1,1103,#C73E1D
C1088,1-week,202927,202927,191,191,1,1104,#C73E1D
C1102,1-week,202928,202928,192,192,1,1105,#C73E1D
C1098,1-week,202928,202928,192,192,1,1106,#C73E1D
C1101,1-week,202928,202928,192,192,1,1107,#C73E1D
C1100,1-week,202928,202928,192,192,1,1108,#C73E1D
C1099,1-week,202928,202928,192,192,1,1109,#C73E1D
C1097,1-week,202928,202928,192,192,1,1110,#C73E1D
C1091,1-week,202928,202928,192,192,1,1111,#C73E1D
C1095,1-week,202928,202928,192,192,1,1112,#C73E1D
C1094,1-week,202928,202928,192,192,1,1113,#C73E1D
C1093,1-week,202928,202928,192,192,1,1114,#C73E1D
C1092,1-week,202928,202928,192,192,1,1115,#C73E1D
C1096,1-week,202928,202928,192,192,1,1116,#C73E1D
C1109,1-week,202929,202929,193,193,1,1117,#C73E1D
C1108,1-week,202929,202929,193,193,1,1118,#C73E1D
C1107,1-week,202929,202929,193,193,1,1119,#C73E1D
C1106,1-week,202929,202929,193,193,1,1120,#C73E1D
C1105,1-week,202929,202929,193,193,1,1121,#C73E1D
C1104,1-week,202929,202929,193,193,1,1122,#C73E1D
C1103,1-week,202929,202929,193,193,1,1123,#C73E1D
C1110,1-week,202930,202930,194,194,1,1124,#C73E1D
C1111,1-week,202930,202930,194,194,1,1125,#C73E1D
C1112,1-week,202930,202930,194,194,1,1126,#C73E1D
C1113,1-week,202930,202930,194,194,1,1127,#C73E1D
C1115,1-week,202931,202931,195,195,1,1128,#C73E1D
C1116,1-week,202931,202931,195,195,1,1129,#C73E1D
C1114,1-week,202931,202931,195,195,1,1130,#C73E1D
C1117,1-week,202932,202932,196,196,1,1131,#C73E1D
C1118,1-week,202932,202932,196,196,1,1132,#C73E1D
C1119,1-week,202933,202933,197,197,1,1133,#C73E1D
C1125,1-week,202934,202934,198,198,1,1134,#C73E1D
C1126,1-week,202934,202934,198,198,1,1135,#C73E1D
C1123,1-week,202934,202934,198,198,1,1136,#C73E1D
C1124,1-week,202934,202934,198,198,1,1137,#C73E1D
C1121,1-week,202934,202934,198,198,1,1138,#C73E1D
C1120,1-week,202934,202934,198,198,1,1139,#C73E1D
C1122,1-week,202934,202934,198,198,1,1140,#C73E1D
C1131,1-week,202936,202936,200,200,1,1141,#C73E1D
C1127,1-week,202936,202936,200,200,1,1142,#C73E1D
C1128,1-week,202936,202936,200,200,1,1143,#C73E1D
C1129,1-week,202936,202936,200,200,1,1144,#C73E1D
C1130,1-week,202936,202936,200,200,1,1145,#C73E1D
C1132,1-week,202936,202936,200,200,1,1146,#C73E1D
C1140,1-week,202938,202938,202,202,1,1147,#C73E1D
C1141,1-week,202938,202938,202,202,1,1148,#C73E1D
C1139,1-week,202938,202938,202,202,1,1149,#C73E1D
C1143,1-week,202938,202938,202,202,1,1150,#C73E1D
C1142,1-week,202938,202938,202,202,1,1151,#C73E1D
C1138,1-week,202938,202938,202,202,1,1152,#C73E1D
C1134,1-week,202938,202938,202,202,1,1153,#C73E1D
C1136,1-week,202938,202938,202,202,1,1154,#C73E1D
C1135,1-week,202938,202938,202,202,1,1155,#C73E1D
C1137,1-week,202938,202938,202,202,1,1156,#C73E1D
C1133,1-week,202938,202938,202,202,1,1157,#C73E1D
C1157,1-week,202940,202940,204,204,1,1158,#C73E1D
C1156,1-week,202940,202940,204,204,1,1159,#C73E1D
C1155,1-week,202940,202940,204,204,1,1160,#C73E1D
C1154,1-week,202940,202940,204,204,1,1161,#C73E1D
C1153,1-week,202940,202940,204,204,1,1162,#C73E1D
C1152,1-week,202940,202940,204,204,1,1163,#C73E1D
C1151,1-week,202940,202940,204,204,1,1164,#C73E1D
C1150,1-week,202940,202940,204,204,1,1165,#C73E1D
C1149,1-week,202940,202940,204,204,1,1166,#C73E1D
C1148,1-week,202940,202940,204,204,1,1167,#C73E1D
C1147,1-week,202940,202940,204,204,1,1168,#C73E1D
C1146,1-week,202940,202940,204,204,1,1169,#C73E1D
C1145,1-week,202940,202940,204,204,1,1170,#C73E1D
C1144,1-week,202940,202940,204,204,1,1171,#C73E1D
C1158,1-week,202941,202941,205,205,1,1172,#C73E1D
C1159,1-week,202941,202941,205,205,1,1173,#C73E1D
C1175,1-week,202943,202943,207,207,1,1174,#C73E1D
C1177,1-week,202943,202943,207,207,1,1175,#C73E1D
C1176,1-week,202943,202943,207,207,1,1176,#C73E1D
C1174,1-week,202943,202943,207,207,1,1177,#C73E1D
C1172,1-week,202943,202943,207,207,1,1178,#C73E1D
C1171,1-week,202943,202943,207,207,1,1179,#C73E1D
C1173,1-week,202943,202943,207,207,1,1180,#C73E1D
C1169,1-week,202943,202943,207,207,1,1181,#C73E1D
C1168,1-week,202943,202943,207,207,1,1182,#C73E1D
C1167,1-week,202943,202943,207,207,1,1183,#C73E1D
C1166,1-week,202943,202943,207,207,1,1184,#C73E1D
C1165,1-week,202943,202943,207,207,1,1185,#C73E1D
C1170,1-week,202943,202943,207,207,1,1186,#C73E1D
C1186,1-week,202945,202945,209,209,1,1187,#C73E1D
C1185,1-week,202945,202945,209,209,1,1188,#C73E1D
C1184,1-week,202945,202945,209,209,1,1189,#C73E1D
C1183,1-week,202945,202945,209,209,1,1190,#C73E1D
C1187,1-week,202945,202945,209,209,1,1191,#C73E1D
C1193,1-week,202946,202946,210,210,1,1192,#C73E1D
C1194,1-week,202946,202946,210,210,1,1193,#C73E1D
C1195,1-week,202946,202946,210,210,1,1194,#C73E1D
C1200,1-week,202948,202948,212,212,1,1195,#C73E1D
C1199,1-week,202948,202948,212,212,1,1196,#C73E1D
C1198,1-week,202948,202948,212,212,1,1197,#C73E1D
C1197,1-week,202948,202948,212,212,1,1198,#C73E1D
C1196,1-week,202948,202948,212,212,1,1199,#C73E1D
C1201,1-week,202949,202949,213,213,1,1200,#C73E1D
C1202,1-week,202949,202949,213,213,1,1201,#C73E1D
C1203,1-week,202949,202949,213,213,1,1202,#C73E1D
C1204,1-week,202949,202949,213,213,1,1203,#C73E1D
C1205,1-week,202949,202949,213,213,1,1204,#C73E1D
C1206,1-week,202949,202949,213,213,1,1205,#C73E1D
C1207,1-week,202949,202949,213,213,1,1206,#C73E1D
C1208,1-week,202949,202949,213,213,1,1207,#C73E1D
C1210,1-week,203002,203002,218,218,1,1208,#C73E1D
C1214,1-week,203002,203002,218,218,1,1209,#C73E1D
C1213,1-week,203002,203002,218,218,1,1210,#C73E1D
C1209,1-week,203002,203002,218,218,1,1211,#C73E1D
C1211,1-week,203002,203002,218,218,1,1212,#C73E1D
C1212,1-week,203002,203002,218,218,1,1213,#C73E1D
C1215,1-week,203003,203003,219,219,1,1214,#C73E1D
C1216,1-week,203003,203003,219,219,1,1215,#C73E1D
C1217,1-week,203003,203003,219,219,1,1216,#C73E1D
C1218,1-week,203003,203003,219,219,1,1217,#C73E1D
C1219,1-week,203003,203003,219,219,1,1218,#C73E1D
C1220,1-week,203003,203003,219,219,1,1219,#C73E1D
C1227,1-week,203004,203004,220,220,1,1220,#C73E1D
C1226,1-week,203004,203004,220,220,1,1221,#C73E1D
C1225,1-week,203004,203004,220,220,1,1222,#C73E1D
C1221,1-week,203004,203004,220,220,1,1223,#C73E1D
C1223,1-week,203004,203004,220,220,1,1224,#C73E1D
C1222,1-week,203004,203004,220,220,1,1225,#C73E1D
C1228,1-week,203004,203004,220,220,1,1226,#C73E1D
C1224,1-week,203004,203004,220,220,1,1227,#C73E1D
C1229,1-week,203004,203004,220,220,1,1228,#C73E1D
C1235,1-week,203005,203005,221,221,1,1229,#C73E1D
C1236,1-week,203005,203005,221,221,1,1230,#C73E1D
C1233,1-week,203005,203005,221,221,1,1231,#C73E1D
C1234,1-week,203005,203005,221,221,1,1232,#C73E1D
C1231,1-week,203005,203005,221,221,1,1233,#C73E1D
C1230,1-week,203005,203005,221,221,1,1234,#C73E1D
C1232,1-week,203005,203005,221,221,1,1235,#C73E1D
C1242,1-week,203006,203006,222,222,1,1236,#C73E1D
C1237,1-week,203006,203006,222,222,1,1237,#C73E1D
C1238,1-week,203006,203006,222,222,1,1238,#C73E1D
C1239,1-week,203006,203006,222,222,1,1239,#C73E1D
C1240,1-week,203006,203006,222,222,1,1240,#C73E1D
C1241,1-week,203006,203006,222,222,1,1241,#C73E1D
C1243,1-week,203006,203006,222,222,1,1242,#C73E1D
C1244,1-week,203006,203006,222,222,1,1243,#C73E1D
C1247,1-week,203007,203007,223,223,1,1244,#C73E1D
C1248,1-week,203007,203007,223,223,1,1245,#C73E1D
C1245,1-week,203007,203007,223,223,1,1246,#C73E1D
C1246,1-week,203007,203007,223,223,1,1247,#C73E1D
C1255,1-week,203008,203008,224,224,1,1248,#C73E1D
C1256,1-week,203008,203008,224,224,1,1249,#C73E1D
C1254,1-week,203008,203008,224,224,1,1250,#C73E1D
C1253,1-week,203008,203008,224,224,1,1251,#C73E1D
C1251,1-week,203008,203008,224,224,1,1252,#C73E1D
C1250,1-week,203008,203008,224,224,1,1253,#C73E1D
C1249,1-week,203008,203008,224,224,1,1254,#C73E1D
C1252,1-week,203008,203008,224,224,1,1255,#C73E1D
C1269,1-week,203009,203009,225,225,1,1256,#C73E1D
C1268,1-week,203009,203009,225,225,1,1257,#C73E1D
C1267,1-week,203009,203009,225,225,1,1258,#C73E1D
C1265,1-week,203009,203009,225,225,1,1259,#C73E1D
C1266,1-week,203009,203009,225,225,1,1260,#C73E1D
C1264,1-week,203009,203009,225,225,1,1261,#C73E1D
C1259,1-week,203009,203009,225,225,1,1262,#C73E1D
C1262,1-week,203009,203009,225,225,1,1263,#C73E1D
C1261,1-week,203009,203009,225,225,1,1264,#C73E1D
C1260,1-week,203009,203009,225,225,1,1265,#C73E1D
C1258,1-week,203009,203009,225,225,1,1266,#C73E1D
C1257,1-week,203009,203009,225,225,1,1267,#C73E1D
C1263,1-week,203009,203009,225,225,1,1268,#C73E1D
C1276,1-week,203011,203011,227,227,1,1269,#C73E1D
C1278,1-week,203011,203011,227,227,1,1270,#C73E1D
C1277,1-week,203011,203011,227,227,1,1271,#C73E1D
C1275,1-week,203011,203011,227,227,1,1272,#C73E1D
C1279,1-week,203011,203011,227,227,1,1273,#C73E1D
C1273,1-week,203011,203011,227,227,1,1274,#C73E1D
C1272,1-week,203011,203011,227,227,1,1275,#C73E1D
C1271,1-week,203011,203011,227,227,1,1276,#C73E1D
C1270,1-week,203011,203011,227,227,1,1277,#C73E1D
C1274,1-week,203011,203011,227,227,1,1278,#C73E1D
C1290,1-week,203012,203012,228,228,1,1279,#C73E1D
C1289,1-week,203012,203012,228,228,1,1280,#C73E1D
C1287,1-week,203012,203012,228,228,1,1281,#C73E1D
C1288,1-week,203012,203012,228,228,1,1282,#C73E1D
C1286,1-week,203012,203012,228,228,1,1283,#C73E1D
C1281,1-week,203012,203012,228,228,1,1284,#C73E1D
C1284,1-week,203012,203012,228,228,1,1285,#C73E1D
C1283,1-week,203012,203012,228,228,1,1286,#C73E1D
C1282,1-week,203012,203012,228,228,1,1287,#C73E1D
C1280,1-week,203012,203012,228,228,1,1288,#C73E1D
C1285,1-week,203012,203012,228,228,1,1289,#C73E1D
C1291,1-week,203015,203015,231,231,1,1290,#C73E1D
C1301,1-week,203016,203016,232,232,1,1291,#C73E1D
C1300,1-week,203016,203016,232,232,1,1292,#C73E1D
C1299,1-week,203016,203016,232,232,1,1293,#C73E1D
C1298,1-week,203016,203016,232,232,1,1294,#C73E1D
C1297,1-week,203016,203016,232,232,1,1295,#C73E1D
C1295,1-week,203016,203016,232,232,1,1296,#C73E1D
C1294,1-week,203016,203016,232,232,1,1297,#C73E1D
C1293,1-week,203016,203016,232,232,1,1298,#C73E1D
C1292,1-week,203016,203016,232,232,1,1299,#C73E1D
C1296,1-week,203016,203016,232,232,1,1300,#C73E1D
C1310,1-week,203017,203017,233,233,1,1301,#C73E1D
C1314,1-week,203017,203017,233,233,1,1302,#C73E1D
C1313,1-week,203017,203017,233,233,1,1303,#C73E1D
C1312,1-week,203017,203017,233,233,1,1304,#C73E1D
C1315,1-week,203017,203017,233,233,1,1305,#C73E1D
C1311,1-week,203017,203017,233,233,1,1306,#C73E1D
C1309,1-week,203017,203017,233,233,1,1307,#C73E1D
C1305,1-week,203017,203017,233,233,1,1308,#C73E1D
C1307,1-week,203017,203017,233,233,1,1309,#C73E1D
C1306,1-week,203017,203017,233,233,1,1310,#C73E1D
C1304,1-week,203017,203017,233,233,1,1311,#C73E1D
C1303,1-week,203017,203017,233,233,1,1312,#C73E1D
C1302,1-week,203017,203017,233,233,1,1313,#C73E1D
C1308,1-week,203017,203017,233,233,1,1314,#C73E1D
C1316,1-week,203018,203018,234,234,1,1315,#C73E1D
C1317,1-week,203018,203018,234,234,1,1316,#C73E1D
C1318,1-week,203018,203018,234,234,1,1317,#C73E1D
C1319,1-week,203018,203018,234,234,1,1318,#C73E1D
C1320,1-week,203018,203018,234,234,1,1319,#C73E1D
C1321,1-week,203018,203018,234,234,1,1320,#C73E1D
C1322,1-week,203018,203018,234,234,1,1321,#C73E1D
C1323,1-week,203018,203018,234,234,1,1322,#C73E1D
C1332,1-week,203019,203019,235,235,1,1323,#C73E1D
C1333,1-week,203019,203019,235,235,1,1324,#C73E1D
C1331,1-week,203019,203019,235,235,1,1325,#C73E1D
C1334,1-week,203019,203019,235,235,1,1326,#C73E1D
C1335,1-week,203019,203019,235,235,1,1327,#C73E1D
C1330,1-week,203019,203019,235,235,1,1328,#C73E1D
C1325,1-week,203019,203019,235,235,1,1329,#C73E1D
C1328,1-week,203019,203019,235,235,1,1330,#C73E1D
C1327,1-week,203019,203019,235,235,1,1331,#C73E1D
C1326,1-week,203019,203019,235,235,1,1332,#C73E1D
C1324,1-week,203019,203019,235,235,1,1333,#C73E1D
C1329,1-week,203019,203019,235,235,1,1334,#C73E1D
C1336,1-week,203020,203020,236,236,1,1335,#C73E1D
C1337,1-week,203020,203020,236,236,1,1336,#C73E1D
C1338,1-week,203020,203020,236,236,1,1337,#C73E1D
C1339,1-week,203020,203020,236,236,1,1338,#C73E1D
C1351,1-week,203021,203021,237,237,1,1339,#C73E1D
C1350,1-week,203021,203021,237,237,1,1340,#C73E1D
C1349,1-week,203021,203021,237,237,1,1341,#C73E1D
C1348,1-week,203021,203021,237,237,1,1342,#C73E1D
C1347,1-week,203021,203021,237,237,1,1343,#C73E1D
C1346,1-week,203021,203021,237,237,1,1344,#C73E1D
C1343,1-week,203021,203021,237,237,1,1345,#C73E1D
C1344,1-week,203021,203021,237,237,1,1346,#C73E1D
C1342,1-week,203021,203021,237,237,1,1347,#C73E1D
C1341,1-week,203021,203021,237,237,1,1348,#C73E1D
C1340,1-week,203021,203021,237,237,1,1349,#C73E1D
C1345,1-week,203021,203021,237,237,1,1350,#C73E1D
C1358,1-week,203022,203022,238,238,1,1351,#C73E1D
C1361,1-week,203022,203022,238,238,1,1352,#C73E1D
C1360,1-week,203022,203022,238,238,1,1353,#C73E1D
C1359,1-week,203022,203022,238,238,1,1354,#C73E1D
C1357,1-week,203022,203022,238,238,1,1355,#C73E1D
C1352,1-week,203022,203022,238,238,1,1356,#C73E1D
C1355,1-week,203022,203022,238,238,1,1357,#C73E1D
C1354,1-week,203022,203022,238,238,1,1358,#C73E1D
C1353,1-week,203022,203022,238,238,1,1359,#C73E1D
C1356,1-week,203022,203022,238,238,1,1360,#C73E1D
C1365,1-week,203023,203023,239,239,1,1361,#C73E1D
C1364,1-week,203023,203023,239,239,1,1362,#C73E1D
C1366,1-week,203023,203023,239,239,1,1363,#C73E1D
C1362,1-week,203023,203023,239,239,1,1364,#C73E1D
C1363,1-week,203023,203023,239,239,1,1365,#C73E1D
C1367,1-week,203024,203024,240,240,1,1366,#C73E1D
C1368,1-week,203025,203025,241,241,1,1367,#C73E1D
C1369,1-week,203025,203025,241,241,1,1368,#C73E1D
C1370,1-week,203025,203025,241,241,1,1369,#C73E1D
C1371,1-week,203025,203025,241,241,1,1370,#C73E1D
C1376,1-week,203027,203027,243,243,1,1371,#C73E1D
C1377,1-week,203027,203027,243,243,1,1372,#C73E1D
C1375,1-week,203027,203027,243,243,1,1373,#C73E1D
C1373,1-week,203027,203027,243,243,1,1374,#C73E1D
C1372,1-week,203027,203027,243,243,1,1375,#C73E1D
C1374,1-week,203027,203027,243,243,1,1376,#C73E1D
C1378,1-week,203028,203028,244,244,1,1377,#C73E1D
C1379,1-week,203028,203028,244,244,1,1378,#C73E1D
C1380,1-week,203029,203029,245,245,1,1379,#C73E1D
C1381,1-week,203029,203029,245,245,1,1380,#C73E1D
C1382,1-week,203029,203029,245,245,1,1381,#C73E1D
C1383,1-week,203029,203029,245,245,1,1382,#C73E1D
C1384,1-week,203029,203029,245,245,1,1383,#C73E1D
C1385,1-week,203029,203029,245,245,1,1384,#C73E1D
C1386,1-week,203029,203029,245,245,1,1385,#C73E1D
C1396,1-week,203031,203031,247,247,1,1386,#C73E1D
C1397,1-week,203031,203031,247,247,1,1387,#C73E1D
C1395,1-week,203031,203031,247,247,1,1388,#C73E1D
C1393,1-week,203031,203031,247,247,1,1389,#C73E1D
C1392,1-week,203031,203031,247,247,1,1390,#C73E1D
C1394,1-week,203031,203031,247,247,1,1391,#C73E1D
C1390,1-week,203031,203031,247,247,1,1392,#C73E1D
C1389,1-week,203031,203031,247,247,1,1393,#C73E1D
C1388,1-week,203031,203031,247,247,1,1394,#C73E1D
C1387,1-week,203031,203031,247,247,1,1395,#C73E1D
C1391,1-week,203031,203031,247,247,1,1396,#C73E1D
C1410,1-week,203032,203032,248,248,1,1397,#C73E1D
C1409,1-week,203032,203032,248,248,1,1398,#C73E1D
C1408,1-week,203032,203032,248,248,1,1399,#C73E1D
C1407,1-week,203032,203032,248,248,1,1400,#C73E1D
C1406,1-week,203032,203032,248,248,1,1401,#C73E1D
C1405,1-week,203032,203032,248,248,1,1402,#C73E1D
C1402,1-week,203032,203032,248,248,1,1403,#C73E1D
C1403,1-week,203032,203032,248,248,1,1404,#C73E1D
C1401,1-week,203032,203032,248,248,1,1405,#C73E1D
C1400,1-week,203032,203032,248,248,1,1406,#C73E1D
C1399,1-week,203032,203032,248,248,1,1407,#C73E1D
C1398,1-week,203032,203032,248,248,1,1408,#C73E1D
C1411,1-week,203032,203032,248,248,1,1409,#C73E1D
C1404,1-week,203032,203032,248,248,1,1410,#C73E1D
C1419,1-week,203033,203033,249,249,1,1411,#C73E1D
C1418,1-week,203033,203033,249,249,1,1412,#C73E1D
C1421,1-week,203033,203033,249,249,1,1413,#C73E1D
C1422,1-week,203033,203033,249,249,1,1414,#C73E1D
C1417,1-week,203033,203033,249,249,1,1415,#C73E1D
C1420,1-week,203033,203033,249,249,1,1416,#C73E1D
C1415,1-week,203033,203033,249,249,1,1417,#C73E1D
C1412,1-week,203033,203033,249,249,1,1418,#C73E1D
C1416,1-week,203033,203033,249,249,1,1419,#C73E1D
C1414,1-week,203033,203033,249,249,1,1420,#C73E1D
C1413,1-week,203033,203033,249,249,1,1421,#C73E1D
C1423,1-week,203034,203034,250,250,1,1422,#C73E1D
C1424,1-week,203034,203034,250,250,1,1423,#C73E1D
C1425,1-week,203034,203034,250,250,1,1424,#C73E1D
C1426,1-week,203034,203034,250,250,1,1425,#C73E1D
C1434,1-week,203036,203036,252,252,1,1426,#C73E1D
C1433,1-week,203036,203036,252,252,1,1427,#C73E1D
C1432,1-week,203036,203036,252,252,1,1428,#C73E1D
C1431,1-week,203036,203036,252,252,1,1429,#C73E1D
C1429,1-week,203036,203036,252,252,1,1430,#C73E1D
C1428,1-week,203036,203036,252,252,1,1431,#C73E1D
C1427,1-week,203036,203036,252,252,1,1432,#C73E1D
C1430,1-week,203036,203036,252,252,1,1433,#C73E1D
C1446,1-week,203037,203037,253,253,1,1434,#C73E1D
C1445,1-week,203037,203037,253,253,1,1435,#C73E1D
C1444,1-week,203037,203037,253,253,1,1436,#C73E1D
C1443,1-week,203037,203037,253,253,1,1437,#C73E1D
C1442,1-week,203037,203037,253,253,1,1438,#C73E1D
C1441,1-week,203037,203037,253,253,1,1439,#C73E1D
C1439,1-week,203037,203037,253,253,1,1440,#C73E1D
C1435,1-week,203037,203037,253,253,1,1441,#C73E1D
C1436,1-week,203037,203037,253,253,1,1442,#C73E1D
C1440,1-week,203037,203037,253,253,1,1443,#C73E1D
C1438,1-week,203037,203037,253,253,1,1444,#C73E1D
C1437,1-week,203037,203037,253,253,1,1445,#C73E1D
C1447,1-week,203038,203038,254,254,1,1446,#C73E1D
C1448,1-week,203038,203038,254,254,1,1447,#C73E1D
C1456,1-week,203039,203039,255,255,1,1448,#C73E1D
C1455,1-week,203039,203039,255,255,1,1449,#C73E1D
C1454,1-week,203039,203039,255,255,1,1450,#C73E1D
C1453,1-week,203039,203039,255,255,1,1451,#C73E1D
C1450,1-week,203039,203039,255,255,1,1452,#C73E1D
C1449,1-week,203039,203039,255,255,1,1453,#C73E1D
C1452,1-week,203039,203039,255,255,1,1454,#C73E1D
C1451,1-week,203039,203039,255,255,1,1455,#C73E1D
C1465,1-week,203040,203040,256,256,1,1456,#C73E1D
C1470,1-week,203040,203040,256,256,1,1457,#C73E1D
C1469,1-week,203040,203040,256,256,1,1458,#C73E1D
C1468,1-week,203040,203040,256,256,1,1459,#C73E1D
C1467,1-week,203040,203040,256,256,1,1460,#C73E1D
C1466,1-week,203040,203040,256,256,1,1461,#C73E1D
C1464,1-week,203040,203040,256,256,1,1462,#C73E1D
C1462,1-week,203040,203040,256,256,1,1463,#C73E1D
C1461,1-week,203040,203040,256,256,1,1464,#C73E1D
C1460,1-week,203040,203040,256,256,1,1465,#C73E1D
C1459,1-week,203040,203040,256,256,1,1466,#C73E1D
C1458,1-week,203040,203040,256,256,1,1467,#C73E1D
C1457,1-week,203040,203040,256,256,1,1468,#C73E1D
C1463,1-week,203040,203040,256,256,1,1469,#C73E1D
C1471,1-week,203041,203041,257,257,1,1470,#C73E1D
C1489,1-week,203042,203042,258,258,1,1471,#C73E1D
C1488,1-week,203042,203042,258,258,1,1472,#C73E1D
C1486,1-week,203042,203042,258,258,1,1473,#C73E1D
C1485,1-week,203042,203042,258,258,1,1474,#C73E1D
C1484,1-week,203042,203042,258,258,1,1475,#C73E1D
C1483,1-week,203042,203042,258,258,1,1476,#C73E1D
C1482,1-week,203042,203042,258,258,1,1477,#C73E1D
C1481,1-week,203042,203042,258,258,1,1478,#C73E1D
C1487,1-week,203042,203042,258,258,1,1479,#C73E1D
C1479,1-week,203042,203042,258,258,1,1480,#C73E1D
C1478,1-week,203042,203042,258,258,1,1481,#C73E1D
C1477,1-week,203042,203042,258,258,1,1482,#C73E1D
C1476,1-week,203042,203042,258,258,1,1483,#C73E1D
C1475,1-week,203042,203042,258,258,1,1484,#C73E1D
C1474,1-week,203042,203042,258,258,1,1485,#C73E1D
C1473,1-week,203042,203042,258,258,1,1486,#C73E1D
C1472,1-week,203042,203042,258,258,1,1487,#C73E1D
C1480,1-week,203042,203042,258,258,1,1488,#C73E1D
C1504,1-week,203043,203043,259,259,1,1489,#C73E1D
C1503,1-week,203043,203043,259,259,1,1490,#C73E1D
C1502,1-week,203043,203043,259,259,1,1491,#C73E1D
C1501,1-week,203043,203043,259,259,1,1492,#C73E1D
C1500,1-week,203043,203043,259,259,1,1493,#C73E1D
C1499,1-week,203043,203043,259,259,1,1494,#C73E1D
C1498,1-week,203043,203043,259,259,1,1495,#C73E1D
C1495,1-week,203043,203043,259,259,1,1496,#C73E1D
C1496,1-week,203043,203043,259,259,1,1497,#C73E1D
C1494,1-week,203043,203043,259,259,1,1498,#C73E1D
C1493,1-week,203043,203043,259,259,1,1499,#C73E1D
C1492,1-week,203043,203043,259,259,1,1500,#C73E1D
C1491,1-week,203043,203043,259,259,1,1501,#C73E1D
C1490,1-week,203043,203043,259,259,1,1502,#C73E1D
C1497,1-week,203043,203043,259,259,1,1503,#C73E1D
C1512,1-week,203044,203044,260,260,1,1504,#C73E1D
C1516,1-week,203044,203044,260,260,1,1505,#C73E1D
C1515,1-week,203044,203044,260,260,1,1506,#C73E1D
C1514,1-week,203044,203044,260,260,1,1507,#C73E1D
C1513,1-week,203044,203044,260,260,1,1508,#C73E1D
C1511,1-week,203044,203044,260,260,1,1509,#C73E1D
C1517,1-week,203044,203044,260,260,1,1510,#C73E1D
C1509,1-week,203044,203044,260,260,1,1511,#C73E1D
C1508,1-week,203044,203044,260,260,1,1512,#C73E1D
C1507,1-week,203044,203044,260,260,1,1513,#C73E1D
C1506,1-week,203044,203044,260,260,1,1514,#C73E1D
C1505,1-week,203044,203044,260,260,1,1515,#C73E1D
C1510,1-week,203044,203044,260,260,1,1516,#C73E1D
C1518,1-week,203044,203044,260,260,1,1517,#C73E1D
