id,start_idx,end_idx,duration,start_week,end_week,contract_type,color,y_position
C0035,1,52,52,202546,202645,52-week,#2E86AB,0
C0041,1,52,52,202546,202645,52-week,#2E86AB,1
C0040,1,52,52,202546,202645,52-week,#2E86AB,2
C0039,1,52,52,202546,202645,52-week,#2E86AB,3
C0038,1,52,52,202546,202645,52-week,#2E86AB,4
C0037,1,52,52,202546,202645,52-week,#2E86AB,5
C0036,1,52,52,202546,202645,52-week,#2E86AB,6
C0034,1,52,52,202546,202645,52-week,#2E86AB,7
C0031,1,52,52,202546,202645,52-week,#2E86AB,8
C0032,1,52,52,202546,202645,52-week,#2E86AB,9
C0030,1,52,52,202546,202645,52-week,#2E86AB,10
C0029,1,52,52,202546,202645,52-week,#2E86AB,11
C0033,1,52,52,202546,202645,52-week,#2E86AB,12
C0166,22,73,52,202615,202713,52-week,#2E86AB,13
C0167,22,73,52,202615,202713,52-week,#2E86AB,14
C0213,34,85,52,202627,202725,52-week,#2E86AB,15
C0353,55,106,52,202648,202746,52-week,#2E86AB,16
C0358,55,106,52,202648,202746,52-week,#2E86AB,17
C0357,55,106,52,202648,202746,52-week,#2E86AB,18
C0356,55,106,52,202648,202746,52-week,#2E86AB,19
C0355,55,106,52,202648,202746,52-week,#2E86AB,20
C0354,55,106,52,202648,202746,52-week,#2E86AB,21
C0396,60,111,52,202653,202751,52-week,#2E86AB,22
C0395,60,111,52,202653,202751,52-week,#2E86AB,23
C0394,60,111,52,202653,202751,52-week,#2E86AB,24
C0393,60,111,52,202653,202751,52-week,#2E86AB,25
C0392,60,111,52,202653,202751,52-week,#2E86AB,26
C0391,60,111,52,202653,202751,52-week,#2E86AB,27
C0601,97,148,52,202737,202836,52-week,#2E86AB,28
C0602,97,148,52,202737,202836,52-week,#2E86AB,29
C0603,97,148,52,202737,202836,52-week,#2E86AB,30
C0612,99,150,52,202739,202838,52-week,#2E86AB,31
C0651,107,158,52,202747,202846,52-week,#2E86AB,32
C0650,107,158,52,202747,202846,52-week,#2E86AB,33
C0649,107,158,52,202747,202846,52-week,#2E86AB,34
C0648,107,158,52,202747,202846,52-week,#2E86AB,35
C0652,107,158,52,202747,202846,52-week,#2E86AB,36
C0646,107,158,52,202747,202846,52-week,#2E86AB,37
C0645,107,158,52,202747,202846,52-week,#2E86AB,38
C0644,107,158,52,202747,202846,52-week,#2E86AB,39
C0647,107,158,52,202747,202846,52-week,#2E86AB,40
C0660,110,161,52,202750,202849,52-week,#2E86AB,41
C0661,110,161,52,202750,202849,52-week,#2E86AB,42
C0835,144,195,52,202832,202931,52-week,#2E86AB,43
C0879,151,202,52,202839,202938,52-week,#2E86AB,44
C0882,152,203,52,202840,202939,52-week,#2E86AB,45
C0906,155,206,52,202843,202942,52-week,#2E86AB,46
C0905,155,206,52,202843,202942,52-week,#2E86AB,47
C0904,155,206,52,202843,202942,52-week,#2E86AB,48
C0903,155,206,52,202843,202942,52-week,#2E86AB,49
C0902,155,206,52,202843,202942,52-week,#2E86AB,50
C0914,160,211,52,202848,202947,52-week,#2E86AB,51
C0913,160,211,52,202848,202947,52-week,#2E86AB,52
C0912,160,211,52,202848,202947,52-week,#2E86AB,53
C0910,160,211,52,202848,202947,52-week,#2E86AB,54
C0909,160,211,52,202848,202947,52-week,#2E86AB,55
C0911,160,211,52,202848,202947,52-week,#2E86AB,56
C0932,165,216,52,202901,202952,52-week,#2E86AB,57
C1164,206,257,52,202942,203041,52-week,#2E86AB,58
C1162,206,257,52,202942,203041,52-week,#2E86AB,59
C1163,206,257,52,202942,203041,52-week,#2E86AB,60
C1160,206,257,52,202942,203041,52-week,#2E86AB,61
C1161,206,257,52,202942,203041,52-week,#2E86AB,62
C1182,208,259,52,202944,203043,52-week,#2E86AB,63
C1178,208,259,52,202944,203043,52-week,#2E86AB,64
C1179,208,259,52,202944,203043,52-week,#2E86AB,65
C1180,208,259,52,202944,203043,52-week,#2E86AB,66
C1181,208,259,52,202944,203043,52-week,#2E86AB,67
C1190,209,260,52,202945,203044,52-week,#2E86AB,68
C1189,209,260,52,202945,203044,52-week,#2E86AB,69
C1192,209,260,52,202945,203044,52-week,#2E86AB,70
C1191,209,260,52,202945,203044,52-week,#2E86AB,71
C1188,209,260,52,202945,203044,52-week,#2E86AB,72
C0465,75,100,26,202715,202740,26-week,#A23B72,73
C0464,75,100,26,202715,202740,26-week,#A23B72,74
C0466,75,100,26,202715,202740,26-week,#A23B72,75
C0754,128,153,26,202816,202841,26-week,#A23B72,76
C0772,131,156,26,202819,202844,26-week,#A23B72,77
C1044,180,205,26,202916,202941,26-week,#A23B72,78
C1043,180,205,26,202916,202941,26-week,#A23B72,79
C0001,0,0,1,202545,202545,1-week,#C73E1D,80
C0024,0,0,1,202545,202545,1-week,#C73E1D,81
C0023,0,0,1,202545,202545,1-week,#C73E1D,82
C0022,0,0,1,202545,202545,1-week,#C73E1D,83
C0021,0,0,1,202545,202545,1-week,#C73E1D,84
C0020,0,0,1,202545,202545,1-week,#C73E1D,85
C0019,0,0,1,202545,202545,1-week,#C73E1D,86
C0018,0,0,1,202545,202545,1-week,#C73E1D,87
C0017,0,0,1,202545,202545,1-week,#C73E1D,88
C0016,0,0,1,202545,202545,1-week,#C73E1D,89
C0015,0,0,1,202545,202545,1-week,#C73E1D,90
C0014,0,0,1,202545,202545,1-week,#C73E1D,91
C0025,0,0,1,202545,202545,1-week,#C73E1D,92
C0012,0,0,1,202545,202545,1-week,#C73E1D,93
C0013,0,0,1,202545,202545,1-week,#C73E1D,94
C0002,0,0,1,202545,202545,1-week,#C73E1D,95
C0004,0,0,1,202545,202545,1-week,#C73E1D,96
C0005,0,0,1,202545,202545,1-week,#C73E1D,97
C0006,0,0,1,202545,202545,1-week,#C73E1D,98
C0003,0,0,1,202545,202545,1-week,#C73E1D,99
C0008,0,0,1,202545,202545,1-week,#C73E1D,100
C0009,0,0,1,202545,202545,1-week,#C73E1D,101
C0010,0,0,1,202545,202545,1-week,#C73E1D,102
C0011,0,0,1,202545,202545,1-week,#C73E1D,103
C0007,0,0,1,202545,202545,1-week,#C73E1D,104
C0028,1,1,1,202546,202546,1-week,#C73E1D,105
C0027,1,1,1,202546,202546,1-week,#C73E1D,106
C0026,1,1,1,202546,202546,1-week,#C73E1D,107
C0042,3,3,1,202548,202548,1-week,#C73E1D,108
C0043,3,3,1,202548,202548,1-week,#C73E1D,109
C0052,4,4,1,202549,202549,1-week,#C73E1D,110
C0056,4,4,1,202549,202549,1-week,#C73E1D,111
C0055,4,4,1,202549,202549,1-week,#C73E1D,112
C0054,4,4,1,202549,202549,1-week,#C73E1D,113
C0053,4,4,1,202549,202549,1-week,#C73E1D,114
C0051,4,4,1,202549,202549,1-week,#C73E1D,115
C0046,4,4,1,202549,202549,1-week,#C73E1D,116
C0049,4,4,1,202549,202549,1-week,#C73E1D,117
C0044,4,4,1,202549,202549,1-week,#C73E1D,118
C0045,4,4,1,202549,202549,1-week,#C73E1D,119
C0050,4,4,1,202549,202549,1-week,#C73E1D,120
C0047,4,4,1,202549,202549,1-week,#C73E1D,121
C0048,4,4,1,202549,202549,1-week,#C73E1D,122
C0062,5,5,1,202550,202550,1-week,#C73E1D,123
C0060,5,5,1,202550,202550,1-week,#C73E1D,124
C0061,5,5,1,202550,202550,1-week,#C73E1D,125
C0058,5,5,1,202550,202550,1-week,#C73E1D,126
C0057,5,5,1,202550,202550,1-week,#C73E1D,127
C0059,5,5,1,202550,202550,1-week,#C73E1D,128
C0064,8,8,1,202601,202601,1-week,#C73E1D,129
C0063,8,8,1,202601,202601,1-week,#C73E1D,130
C0065,9,9,1,202602,202602,1-week,#C73E1D,131
C0066,9,9,1,202602,202602,1-week,#C73E1D,132
C0067,9,9,1,202602,202602,1-week,#C73E1D,133
C0068,9,9,1,202602,202602,1-week,#C73E1D,134
C0069,9,9,1,202602,202602,1-week,#C73E1D,135
C0073,10,10,1,202603,202603,1-week,#C73E1D,136
C0074,10,10,1,202603,202603,1-week,#C73E1D,137
C0071,10,10,1,202603,202603,1-week,#C73E1D,138
C0070,10,10,1,202603,202603,1-week,#C73E1D,139
C0072,10,10,1,202603,202603,1-week,#C73E1D,140
C0075,11,11,1,202604,202604,1-week,#C73E1D,141
C0076,11,11,1,202604,202604,1-week,#C73E1D,142
C0077,11,11,1,202604,202604,1-week,#C73E1D,143
C0078,11,11,1,202604,202604,1-week,#C73E1D,144
C0090,12,12,1,202605,202605,1-week,#C73E1D,145
C0089,12,12,1,202605,202605,1-week,#C73E1D,146
C0088,12,12,1,202605,202605,1-week,#C73E1D,147
C0087,12,12,1,202605,202605,1-week,#C73E1D,148
C0086,12,12,1,202605,202605,1-week,#C73E1D,149
C0085,12,12,1,202605,202605,1-week,#C73E1D,150
C0082,12,12,1,202605,202605,1-week,#C73E1D,151
C0083,12,12,1,202605,202605,1-week,#C73E1D,152
C0081,12,12,1,202605,202605,1-week,#C73E1D,153
C0080,12,12,1,202605,202605,1-week,#C73E1D,154
C0079,12,12,1,202605,202605,1-week,#C73E1D,155
C0091,12,12,1,202605,202605,1-week,#C73E1D,156
C0084,12,12,1,202605,202605,1-week,#C73E1D,157
C0094,13,13,1,202606,202606,1-week,#C73E1D,158
C0093,13,13,1,202606,202606,1-week,#C73E1D,159
C0092,13,13,1,202606,202606,1-week,#C73E1D,160
C0106,14,14,1,202607,202607,1-week,#C73E1D,161
C0105,14,14,1,202607,202607,1-week,#C73E1D,162
C0104,14,14,1,202607,202607,1-week,#C73E1D,163
C0102,14,14,1,202607,202607,1-week,#C73E1D,164
C0101,14,14,1,202607,202607,1-week,#C73E1D,165
C0103,14,14,1,202607,202607,1-week,#C73E1D,166
C0099,14,14,1,202607,202607,1-week,#C73E1D,167
C0098,14,14,1,202607,202607,1-week,#C73E1D,168
C0097,14,14,1,202607,202607,1-week,#C73E1D,169
C0096,14,14,1,202607,202607,1-week,#C73E1D,170
C0095,14,14,1,202607,202607,1-week,#C73E1D,171
C0100,14,14,1,202607,202607,1-week,#C73E1D,172
C0114,15,15,1,202608,202608,1-week,#C73E1D,173
C0119,15,15,1,202608,202608,1-week,#C73E1D,174
C0118,15,15,1,202608,202608,1-week,#C73E1D,175
C0116,15,15,1,202608,202608,1-week,#C73E1D,176
C0115,15,15,1,202608,202608,1-week,#C73E1D,177
C0113,15,15,1,202608,202608,1-week,#C73E1D,178
C0117,15,15,1,202608,202608,1-week,#C73E1D,179
C0111,15,15,1,202608,202608,1-week,#C73E1D,180
C0110,15,15,1,202608,202608,1-week,#C73E1D,181
C0109,15,15,1,202608,202608,1-week,#C73E1D,182
C0108,15,15,1,202608,202608,1-week,#C73E1D,183
C0107,15,15,1,202608,202608,1-week,#C73E1D,184
C0112,15,15,1,202608,202608,1-week,#C73E1D,185
C0135,16,16,1,202609,202609,1-week,#C73E1D,186
C0134,16,16,1,202609,202609,1-week,#C73E1D,187
C0133,16,16,1,202609,202609,1-week,#C73E1D,188
C0132,16,16,1,202609,202609,1-week,#C73E1D,189
C0131,16,16,1,202609,202609,1-week,#C73E1D,190
C0130,16,16,1,202609,202609,1-week,#C73E1D,191
C0129,16,16,1,202609,202609,1-week,#C73E1D,192
C0128,16,16,1,202609,202609,1-week,#C73E1D,193
C0127,16,16,1,202609,202609,1-week,#C73E1D,194
C0125,16,16,1,202609,202609,1-week,#C73E1D,195
C0124,16,16,1,202609,202609,1-week,#C73E1D,196
C0123,16,16,1,202609,202609,1-week,#C73E1D,197
C0122,16,16,1,202609,202609,1-week,#C73E1D,198
C0121,16,16,1,202609,202609,1-week,#C73E1D,199
C0120,16,16,1,202609,202609,1-week,#C73E1D,200
C0126,16,16,1,202609,202609,1-week,#C73E1D,201
C0142,17,17,1,202610,202610,1-week,#C73E1D,202
C0145,17,17,1,202610,202610,1-week,#C73E1D,203
C0144,17,17,1,202610,202610,1-week,#C73E1D,204
C0143,17,17,1,202610,202610,1-week,#C73E1D,205
C0141,17,17,1,202610,202610,1-week,#C73E1D,206
C0140,17,17,1,202610,202610,1-week,#C73E1D,207
C0139,17,17,1,202610,202610,1-week,#C73E1D,208
C0138,17,17,1,202610,202610,1-week,#C73E1D,209
C0137,17,17,1,202610,202610,1-week,#C73E1D,210
C0136,17,17,1,202610,202610,1-week,#C73E1D,211
C0146,18,18,1,202611,202611,1-week,#C73E1D,212
C0147,18,18,1,202611,202611,1-week,#C73E1D,213
C0148,18,18,1,202611,202611,1-week,#C73E1D,214
C0159,19,19,1,202612,202612,1-week,#C73E1D,215
C0158,19,19,1,202612,202612,1-week,#C73E1D,216
C0157,19,19,1,202612,202612,1-week,#C73E1D,217
C0156,19,19,1,202612,202612,1-week,#C73E1D,218
C0155,19,19,1,202612,202612,1-week,#C73E1D,219
C0152,19,19,1,202612,202612,1-week,#C73E1D,220
C0153,19,19,1,202612,202612,1-week,#C73E1D,221
C0151,19,19,1,202612,202612,1-week,#C73E1D,222
C0150,19,19,1,202612,202612,1-week,#C73E1D,223
C0149,19,19,1,202612,202612,1-week,#C73E1D,224
C0154,19,19,1,202612,202612,1-week,#C73E1D,225
C0165,22,22,1,202615,202615,1-week,#C73E1D,226
C0164,22,22,1,202615,202615,1-week,#C73E1D,227
C0162,22,22,1,202615,202615,1-week,#C73E1D,228
C0161,22,22,1,202615,202615,1-week,#C73E1D,229
C0160,22,22,1,202615,202615,1-week,#C73E1D,230
C0163,22,22,1,202615,202615,1-week,#C73E1D,231
C0168,25,25,1,202618,202618,1-week,#C73E1D,232
C0169,26,26,1,202619,202619,1-week,#C73E1D,233
C0170,26,26,1,202619,202619,1-week,#C73E1D,234
C0171,26,26,1,202619,202619,1-week,#C73E1D,235
C0173,27,27,1,202620,202620,1-week,#C73E1D,236
C0172,27,27,1,202620,202620,1-week,#C73E1D,237
C0174,27,27,1,202620,202620,1-week,#C73E1D,238
C0181,28,28,1,202621,202621,1-week,#C73E1D,239
C0180,28,28,1,202621,202621,1-week,#C73E1D,240
C0179,28,28,1,202621,202621,1-week,#C73E1D,241
C0175,28,28,1,202621,202621,1-week,#C73E1D,242
C0177,28,28,1,202621,202621,1-week,#C73E1D,243
C0176,28,28,1,202621,202621,1-week,#C73E1D,244
C0182,28,28,1,202621,202621,1-week,#C73E1D,245
C0178,28,28,1,202621,202621,1-week,#C73E1D,246
C0190,29,29,1,202622,202622,1-week,#C73E1D,247
C0189,29,29,1,202622,202622,1-week,#C73E1D,248
C0191,29,29,1,202622,202622,1-week,#C73E1D,249
C0187,29,29,1,202622,202622,1-week,#C73E1D,250
C0188,29,29,1,202622,202622,1-week,#C73E1D,251
C0186,29,29,1,202622,202622,1-week,#C73E1D,252
C0185,29,29,1,202622,202622,1-week,#C73E1D,253
C0184,29,29,1,202622,202622,1-week,#C73E1D,254
C0183,29,29,1,202622,202622,1-week,#C73E1D,255
C0199,31,31,1,202624,202624,1-week,#C73E1D,256
C0198,31,31,1,202624,202624,1-week,#C73E1D,257
C0196,31,31,1,202624,202624,1-week,#C73E1D,258
C0197,31,31,1,202624,202624,1-week,#C73E1D,259
C0194,31,31,1,202624,202624,1-week,#C73E1D,260
C0193,31,31,1,202624,202624,1-week,#C73E1D,261
C0192,31,31,1,202624,202624,1-week,#C73E1D,262
C0195,31,31,1,202624,202624,1-week,#C73E1D,263
C0200,32,32,1,202625,202625,1-week,#C73E1D,264
C0201,32,32,1,202625,202625,1-week,#C73E1D,265
C0202,32,32,1,202625,202625,1-week,#C73E1D,266
C0209,34,34,1,202627,202627,1-week,#C73E1D,267
C0212,34,34,1,202627,202627,1-week,#C73E1D,268
C0210,34,34,1,202627,202627,1-week,#C73E1D,269
C0208,34,34,1,202627,202627,1-week,#C73E1D,270
C0211,34,34,1,202627,202627,1-week,#C73E1D,271
C0206,34,34,1,202627,202627,1-week,#C73E1D,272
C0205,34,34,1,202627,202627,1-week,#C73E1D,273
C0207,34,34,1,202627,202627,1-week,#C73E1D,274
C0204,34,34,1,202627,202627,1-week,#C73E1D,275
C0203,34,34,1,202627,202627,1-week,#C73E1D,276
C0221,35,35,1,202628,202628,1-week,#C73E1D,277
C0220,35,35,1,202628,202628,1-week,#C73E1D,278
C0219,35,35,1,202628,202628,1-week,#C73E1D,279
C0218,35,35,1,202628,202628,1-week,#C73E1D,280
C0222,35,35,1,202628,202628,1-week,#C73E1D,281
C0216,35,35,1,202628,202628,1-week,#C73E1D,282
C0215,35,35,1,202628,202628,1-week,#C73E1D,283
C0214,35,35,1,202628,202628,1-week,#C73E1D,284
C0217,35,35,1,202628,202628,1-week,#C73E1D,285
C0232,36,36,1,202629,202629,1-week,#C73E1D,286
C0231,36,36,1,202629,202629,1-week,#C73E1D,287
C0230,36,36,1,202629,202629,1-week,#C73E1D,288
C0229,36,36,1,202629,202629,1-week,#C73E1D,289
C0228,36,36,1,202629,202629,1-week,#C73E1D,290
C0227,36,36,1,202629,202629,1-week,#C73E1D,291
C0225,36,36,1,202629,202629,1-week,#C73E1D,292
C0224,36,36,1,202629,202629,1-week,#C73E1D,293
C0223,36,36,1,202629,202629,1-week,#C73E1D,294
C0226,36,36,1,202629,202629,1-week,#C73E1D,295
C0238,37,37,1,202630,202630,1-week,#C73E1D,296
C0239,37,37,1,202630,202630,1-week,#C73E1D,297
C0237,37,37,1,202630,202630,1-week,#C73E1D,298
C0234,37,37,1,202630,202630,1-week,#C73E1D,299
C0235,37,37,1,202630,202630,1-week,#C73E1D,300
C0236,37,37,1,202630,202630,1-week,#C73E1D,301
C0233,37,37,1,202630,202630,1-week,#C73E1D,302
C0240,38,38,1,202631,202631,1-week,#C73E1D,303
C0241,38,38,1,202631,202631,1-week,#C73E1D,304
C0242,38,38,1,202631,202631,1-week,#C73E1D,305
C0243,38,38,1,202631,202631,1-week,#C73E1D,306
C0244,38,38,1,202631,202631,1-week,#C73E1D,307
C0246,39,39,1,202632,202632,1-week,#C73E1D,308
C0245,39,39,1,202632,202632,1-week,#C73E1D,309
C0247,40,40,1,202633,202633,1-week,#C73E1D,310
C0248,40,40,1,202633,202633,1-week,#C73E1D,311
C0249,40,40,1,202633,202633,1-week,#C73E1D,312
C0250,40,40,1,202633,202633,1-week,#C73E1D,313
C0251,40,40,1,202633,202633,1-week,#C73E1D,314
C0252,40,40,1,202633,202633,1-week,#C73E1D,315
C0260,41,41,1,202634,202634,1-week,#C73E1D,316
C0259,41,41,1,202634,202634,1-week,#C73E1D,317
C0257,41,41,1,202634,202634,1-week,#C73E1D,318
C0258,41,41,1,202634,202634,1-week,#C73E1D,319
C0255,41,41,1,202634,202634,1-week,#C73E1D,320
C0254,41,41,1,202634,202634,1-week,#C73E1D,321
C0253,41,41,1,202634,202634,1-week,#C73E1D,322
C0256,41,41,1,202634,202634,1-week,#C73E1D,323
C0261,43,43,1,202636,202636,1-week,#C73E1D,324
C0262,43,43,1,202636,202636,1-week,#C73E1D,325
C0263,43,43,1,202636,202636,1-week,#C73E1D,326
C0274,44,44,1,202637,202637,1-week,#C73E1D,327
C0273,44,44,1,202637,202637,1-week,#C73E1D,328
C0272,44,44,1,202637,202637,1-week,#C73E1D,329
C0271,44,44,1,202637,202637,1-week,#C73E1D,330
C0270,44,44,1,202637,202637,1-week,#C73E1D,331
C0268,44,44,1,202637,202637,1-week,#C73E1D,332
C0267,44,44,1,202637,202637,1-week,#C73E1D,333
C0266,44,44,1,202637,202637,1-week,#C73E1D,334
C0265,44,44,1,202637,202637,1-week,#C73E1D,335
C0264,44,44,1,202637,202637,1-week,#C73E1D,336
C0269,44,44,1,202637,202637,1-week,#C73E1D,337
C0282,45,45,1,202638,202638,1-week,#C73E1D,338
C0286,45,45,1,202638,202638,1-week,#C73E1D,339
C0285,45,45,1,202638,202638,1-week,#C73E1D,340
C0284,45,45,1,202638,202638,1-week,#C73E1D,341
C0283,45,45,1,202638,202638,1-week,#C73E1D,342
C0281,45,45,1,202638,202638,1-week,#C73E1D,343
C0279,45,45,1,202638,202638,1-week,#C73E1D,344
C0280,45,45,1,202638,202638,1-week,#C73E1D,345
C0278,45,45,1,202638,202638,1-week,#C73E1D,346
C0277,45,45,1,202638,202638,1-week,#C73E1D,347
C0276,45,45,1,202638,202638,1-week,#C73E1D,348
C0275,45,45,1,202638,202638,1-week,#C73E1D,349
C0297,47,47,1,202640,202640,1-week,#C73E1D,350
C0296,47,47,1,202640,202640,1-week,#C73E1D,351
C0295,47,47,1,202640,202640,1-week,#C73E1D,352
C0294,47,47,1,202640,202640,1-week,#C73E1D,353
C0293,47,47,1,202640,202640,1-week,#C73E1D,354
C0292,47,47,1,202640,202640,1-week,#C73E1D,355
C0291,47,47,1,202640,202640,1-week,#C73E1D,356
C0290,47,47,1,202640,202640,1-week,#C73E1D,357
C0289,47,47,1,202640,202640,1-week,#C73E1D,358
C0288,47,47,1,202640,202640,1-week,#C73E1D,359
C0287,47,47,1,202640,202640,1-week,#C73E1D,360
C0308,48,48,1,202641,202641,1-week,#C73E1D,361
C0307,48,48,1,202641,202641,1-week,#C73E1D,362
C0306,48,48,1,202641,202641,1-week,#C73E1D,363
C0305,48,48,1,202641,202641,1-week,#C73E1D,364
C0303,48,48,1,202641,202641,1-week,#C73E1D,365
C0304,48,48,1,202641,202641,1-week,#C73E1D,366
C0301,48,48,1,202641,202641,1-week,#C73E1D,367
C0300,48,48,1,202641,202641,1-week,#C73E1D,368
C0299,48,48,1,202641,202641,1-week,#C73E1D,369
C0298,48,48,1,202641,202641,1-week,#C73E1D,370
C0302,48,48,1,202641,202641,1-week,#C73E1D,371
C0309,49,49,1,202642,202642,1-week,#C73E1D,372
C0315,50,50,1,202643,202643,1-week,#C73E1D,373
C0319,50,50,1,202643,202643,1-week,#C73E1D,374
C0318,50,50,1,202643,202643,1-week,#C73E1D,375
C0317,50,50,1,202643,202643,1-week,#C73E1D,376
C0316,50,50,1,202643,202643,1-week,#C73E1D,377
C0312,50,50,1,202643,202643,1-week,#C73E1D,378
C0313,50,50,1,202643,202643,1-week,#C73E1D,379
C0311,50,50,1,202643,202643,1-week,#C73E1D,380
C0310,50,50,1,202643,202643,1-week,#C73E1D,381
C0314,50,50,1,202643,202643,1-week,#C73E1D,382
C0323,51,51,1,202644,202644,1-week,#C73E1D,383
C0322,51,51,1,202644,202644,1-week,#C73E1D,384
C0324,51,51,1,202644,202644,1-week,#C73E1D,385
C0320,51,51,1,202644,202644,1-week,#C73E1D,386
C0321,51,51,1,202644,202644,1-week,#C73E1D,387
C0328,52,52,1,202645,202645,1-week,#C73E1D,388
C0327,52,52,1,202645,202645,1-week,#C73E1D,389
C0326,52,52,1,202645,202645,1-week,#C73E1D,390
C0325,52,52,1,202645,202645,1-week,#C73E1D,391
C0344,53,53,1,202646,202646,1-week,#C73E1D,392
C0343,53,53,1,202646,202646,1-week,#C73E1D,393
C0342,53,53,1,202646,202646,1-week,#C73E1D,394
C0341,53,53,1,202646,202646,1-week,#C73E1D,395
C0340,53,53,1,202646,202646,1-week,#C73E1D,396
C0338,53,53,1,202646,202646,1-week,#C73E1D,397
C0337,53,53,1,202646,202646,1-week,#C73E1D,398
C0339,53,53,1,202646,202646,1-week,#C73E1D,399
C0335,53,53,1,202646,202646,1-week,#C73E1D,400
C0334,53,53,1,202646,202646,1-week,#C73E1D,401
C0333,53,53,1,202646,202646,1-week,#C73E1D,402
C0332,53,53,1,202646,202646,1-week,#C73E1D,403
C0331,53,53,1,202646,202646,1-week,#C73E1D,404
C0330,53,53,1,202646,202646,1-week,#C73E1D,405
C0329,53,53,1,202646,202646,1-week,#C73E1D,406
C0336,53,53,1,202646,202646,1-week,#C73E1D,407
C0352,55,55,1,202648,202648,1-week,#C73E1D,408
C0347,55,55,1,202648,202648,1-week,#C73E1D,409
C0350,55,55,1,202648,202648,1-week,#C73E1D,410
C0349,55,55,1,202648,202648,1-week,#C73E1D,411
C0348,55,55,1,202648,202648,1-week,#C73E1D,412
C0346,55,55,1,202648,202648,1-week,#C73E1D,413
C0345,55,55,1,202648,202648,1-week,#C73E1D,414
C0351,55,55,1,202648,202648,1-week,#C73E1D,415
C0364,56,56,1,202649,202649,1-week,#C73E1D,416
C0365,56,56,1,202649,202649,1-week,#C73E1D,417
C0363,56,56,1,202649,202649,1-week,#C73E1D,418
C0366,56,56,1,202649,202649,1-week,#C73E1D,419
C0361,56,56,1,202649,202649,1-week,#C73E1D,420
C0360,56,56,1,202649,202649,1-week,#C73E1D,421
C0359,56,56,1,202649,202649,1-week,#C73E1D,422
C0362,56,56,1,202649,202649,1-week,#C73E1D,423
C0367,56,56,1,202649,202649,1-week,#C73E1D,424
C0381,57,57,1,202650,202650,1-week,#C73E1D,425
C0380,57,57,1,202650,202650,1-week,#C73E1D,426
C0382,57,57,1,202650,202650,1-week,#C73E1D,427
C0378,57,57,1,202650,202650,1-week,#C73E1D,428
C0384,57,57,1,202650,202650,1-week,#C73E1D,429
C0385,57,57,1,202650,202650,1-week,#C73E1D,430
C0383,57,57,1,202650,202650,1-week,#C73E1D,431
C0377,57,57,1,202650,202650,1-week,#C73E1D,432
C0379,57,57,1,202650,202650,1-week,#C73E1D,433
C0375,57,57,1,202650,202650,1-week,#C73E1D,434
C0368,57,57,1,202650,202650,1-week,#C73E1D,435
C0369,57,57,1,202650,202650,1-week,#C73E1D,436
C0370,57,57,1,202650,202650,1-week,#C73E1D,437
C0371,57,57,1,202650,202650,1-week,#C73E1D,438
C0376,57,57,1,202650,202650,1-week,#C73E1D,439
C0373,57,57,1,202650,202650,1-week,#C73E1D,440
C0372,57,57,1,202650,202650,1-week,#C73E1D,441
C0374,57,57,1,202650,202650,1-week,#C73E1D,442
C0390,60,60,1,202653,202653,1-week,#C73E1D,443
C0389,60,60,1,202653,202653,1-week,#C73E1D,444
C0388,60,60,1,202653,202653,1-week,#C73E1D,445
C0387,60,60,1,202653,202653,1-week,#C73E1D,446
C0386,60,60,1,202653,202653,1-week,#C73E1D,447
C0397,62,62,1,202702,202702,1-week,#C73E1D,448
C0398,63,63,1,202703,202703,1-week,#C73E1D,449
C0403,64,64,1,202704,202704,1-week,#C73E1D,450
C0402,64,64,1,202704,202704,1-week,#C73E1D,451
C0404,64,64,1,202704,202704,1-week,#C73E1D,452
C0400,64,64,1,202704,202704,1-week,#C73E1D,453
C0399,64,64,1,202704,202704,1-week,#C73E1D,454
C0401,64,64,1,202704,202704,1-week,#C73E1D,455
C0405,65,65,1,202705,202705,1-week,#C73E1D,456
C0406,66,66,1,202706,202706,1-week,#C73E1D,457
C0407,66,66,1,202706,202706,1-week,#C73E1D,458
C0408,66,66,1,202706,202706,1-week,#C73E1D,459
C0409,66,66,1,202706,202706,1-week,#C73E1D,460
C0410,66,66,1,202706,202706,1-week,#C73E1D,461
C0423,67,67,1,202707,202707,1-week,#C73E1D,462
C0422,67,67,1,202707,202707,1-week,#C73E1D,463
C0421,67,67,1,202707,202707,1-week,#C73E1D,464
C0420,67,67,1,202707,202707,1-week,#C73E1D,465
C0419,67,67,1,202707,202707,1-week,#C73E1D,466
C0418,67,67,1,202707,202707,1-week,#C73E1D,467
C0413,67,67,1,202707,202707,1-week,#C73E1D,468
C0416,67,67,1,202707,202707,1-week,#C73E1D,469
C0415,67,67,1,202707,202707,1-week,#C73E1D,470
C0414,67,67,1,202707,202707,1-week,#C73E1D,471
C0412,67,67,1,202707,202707,1-week,#C73E1D,472
C0411,67,67,1,202707,202707,1-week,#C73E1D,473
C0417,67,67,1,202707,202707,1-week,#C73E1D,474
C0428,68,68,1,202708,202708,1-week,#C73E1D,475
C0427,68,68,1,202708,202708,1-week,#C73E1D,476
C0425,68,68,1,202708,202708,1-week,#C73E1D,477
C0426,68,68,1,202708,202708,1-week,#C73E1D,478
C0424,68,68,1,202708,202708,1-week,#C73E1D,479
C0436,69,69,1,202709,202709,1-week,#C73E1D,480
C0435,69,69,1,202709,202709,1-week,#C73E1D,481
C0434,69,69,1,202709,202709,1-week,#C73E1D,482
C0433,69,69,1,202709,202709,1-week,#C73E1D,483
C0437,69,69,1,202709,202709,1-week,#C73E1D,484
C0431,69,69,1,202709,202709,1-week,#C73E1D,485
C0430,69,69,1,202709,202709,1-week,#C73E1D,486
C0429,69,69,1,202709,202709,1-week,#C73E1D,487
C0432,69,69,1,202709,202709,1-week,#C73E1D,488
C0438,70,70,1,202710,202710,1-week,#C73E1D,489
C0439,70,70,1,202710,202710,1-week,#C73E1D,490
C0440,70,70,1,202710,202710,1-week,#C73E1D,491
C0441,70,70,1,202710,202710,1-week,#C73E1D,492
C0449,71,71,1,202711,202711,1-week,#C73E1D,493
C0453,71,71,1,202711,202711,1-week,#C73E1D,494
C0452,71,71,1,202711,202711,1-week,#C73E1D,495
C0451,71,71,1,202711,202711,1-week,#C73E1D,496
C0450,71,71,1,202711,202711,1-week,#C73E1D,497
C0447,71,71,1,202711,202711,1-week,#C73E1D,498
C0446,71,71,1,202711,202711,1-week,#C73E1D,499
C0445,71,71,1,202711,202711,1-week,#C73E1D,500
C0444,71,71,1,202711,202711,1-week,#C73E1D,501
C0443,71,71,1,202711,202711,1-week,#C73E1D,502
C0442,71,71,1,202711,202711,1-week,#C73E1D,503
C0448,71,71,1,202711,202711,1-week,#C73E1D,504
C0463,75,75,1,202715,202715,1-week,#C73E1D,505
C0462,75,75,1,202715,202715,1-week,#C73E1D,506
C0461,75,75,1,202715,202715,1-week,#C73E1D,507
C0460,75,75,1,202715,202715,1-week,#C73E1D,508
C0457,75,75,1,202715,202715,1-week,#C73E1D,509
C0458,75,75,1,202715,202715,1-week,#C73E1D,510
C0456,75,75,1,202715,202715,1-week,#C73E1D,511
C0455,75,75,1,202715,202715,1-week,#C73E1D,512
C0454,75,75,1,202715,202715,1-week,#C73E1D,513
C0459,75,75,1,202715,202715,1-week,#C73E1D,514
C0472,76,76,1,202716,202716,1-week,#C73E1D,515
C0470,76,76,1,202716,202716,1-week,#C73E1D,516
C0471,76,76,1,202716,202716,1-week,#C73E1D,517
C0468,76,76,1,202716,202716,1-week,#C73E1D,518
C0469,76,76,1,202716,202716,1-week,#C73E1D,519
C0467,76,76,1,202716,202716,1-week,#C73E1D,520
C0479,77,77,1,202717,202717,1-week,#C73E1D,521
C0478,77,77,1,202717,202717,1-week,#C73E1D,522
C0477,77,77,1,202717,202717,1-week,#C73E1D,523
C0474,77,77,1,202717,202717,1-week,#C73E1D,524
C0475,77,77,1,202717,202717,1-week,#C73E1D,525
C0476,77,77,1,202717,202717,1-week,#C73E1D,526
C0473,77,77,1,202717,202717,1-week,#C73E1D,527
C0492,79,79,1,202719,202719,1-week,#C73E1D,528
C0491,79,79,1,202719,202719,1-week,#C73E1D,529
C0490,79,79,1,202719,202719,1-week,#C73E1D,530
C0489,79,79,1,202719,202719,1-week,#C73E1D,531
C0488,79,79,1,202719,202719,1-week,#C73E1D,532
C0487,79,79,1,202719,202719,1-week,#C73E1D,533
C0485,79,79,1,202719,202719,1-week,#C73E1D,534
C0484,79,79,1,202719,202719,1-week,#C73E1D,535
C0483,79,79,1,202719,202719,1-week,#C73E1D,536
C0482,79,79,1,202719,202719,1-week,#C73E1D,537
C0481,79,79,1,202719,202719,1-week,#C73E1D,538
C0480,79,79,1,202719,202719,1-week,#C73E1D,539
C0486,79,79,1,202719,202719,1-week,#C73E1D,540
C0497,80,80,1,202720,202720,1-week,#C73E1D,541
C0496,80,80,1,202720,202720,1-week,#C73E1D,542
C0494,80,80,1,202720,202720,1-week,#C73E1D,543
C0493,80,80,1,202720,202720,1-week,#C73E1D,544
C0495,80,80,1,202720,202720,1-week,#C73E1D,545
C0504,82,82,1,202722,202722,1-week,#C73E1D,546
C0498,82,82,1,202722,202722,1-week,#C73E1D,547
C0499,82,82,1,202722,202722,1-week,#C73E1D,548
C0500,82,82,1,202722,202722,1-week,#C73E1D,549
C0501,82,82,1,202722,202722,1-week,#C73E1D,550
C0502,82,82,1,202722,202722,1-week,#C73E1D,551
C0503,82,82,1,202722,202722,1-week,#C73E1D,552
C0505,83,83,1,202723,202723,1-week,#C73E1D,553
C0506,83,83,1,202723,202723,1-week,#C73E1D,554
C0507,83,83,1,202723,202723,1-week,#C73E1D,555
C0516,84,84,1,202724,202724,1-week,#C73E1D,556
C0515,84,84,1,202724,202724,1-week,#C73E1D,557
C0519,84,84,1,202724,202724,1-week,#C73E1D,558
C0517,84,84,1,202724,202724,1-week,#C73E1D,559
C0514,84,84,1,202724,202724,1-week,#C73E1D,560
C0518,84,84,1,202724,202724,1-week,#C73E1D,561
C0512,84,84,1,202724,202724,1-week,#C73E1D,562
C0511,84,84,1,202724,202724,1-week,#C73E1D,563
C0510,84,84,1,202724,202724,1-week,#C73E1D,564
C0509,84,84,1,202724,202724,1-week,#C73E1D,565
C0513,84,84,1,202724,202724,1-week,#C73E1D,566
C0508,84,84,1,202724,202724,1-week,#C73E1D,567
C0528,85,85,1,202725,202725,1-week,#C73E1D,568
C0527,85,85,1,202725,202725,1-week,#C73E1D,569
C0526,85,85,1,202725,202725,1-week,#C73E1D,570
C0525,85,85,1,202725,202725,1-week,#C73E1D,571
C0521,85,85,1,202725,202725,1-week,#C73E1D,572
C0523,85,85,1,202725,202725,1-week,#C73E1D,573
C0520,85,85,1,202725,202725,1-week,#C73E1D,574
C0524,85,85,1,202725,202725,1-week,#C73E1D,575
C0522,85,85,1,202725,202725,1-week,#C73E1D,576
C0529,87,87,1,202727,202727,1-week,#C73E1D,577
C0530,87,87,1,202727,202727,1-week,#C73E1D,578
C0531,87,87,1,202727,202727,1-week,#C73E1D,579
C0532,87,87,1,202727,202727,1-week,#C73E1D,580
C0533,87,87,1,202727,202727,1-week,#C73E1D,581
C0535,87,87,1,202727,202727,1-week,#C73E1D,582
C0536,87,87,1,202727,202727,1-week,#C73E1D,583
C0537,87,87,1,202727,202727,1-week,#C73E1D,584
C0534,87,87,1,202727,202727,1-week,#C73E1D,585
C0546,88,88,1,202728,202728,1-week,#C73E1D,586
C0550,88,88,1,202728,202728,1-week,#C73E1D,587
C0549,88,88,1,202728,202728,1-week,#C73E1D,588
C0548,88,88,1,202728,202728,1-week,#C73E1D,589
C0547,88,88,1,202728,202728,1-week,#C73E1D,590
C0551,88,88,1,202728,202728,1-week,#C73E1D,591
C0545,88,88,1,202728,202728,1-week,#C73E1D,592
C0543,88,88,1,202728,202728,1-week,#C73E1D,593
C0544,88,88,1,202728,202728,1-week,#C73E1D,594
C0538,88,88,1,202728,202728,1-week,#C73E1D,595
C0539,88,88,1,202728,202728,1-week,#C73E1D,596
C0540,88,88,1,202728,202728,1-week,#C73E1D,597
C0541,88,88,1,202728,202728,1-week,#C73E1D,598
C0542,88,88,1,202728,202728,1-week,#C73E1D,599
C0564,89,89,1,202729,202729,1-week,#C73E1D,600
C0563,89,89,1,202729,202729,1-week,#C73E1D,601
C0562,89,89,1,202729,202729,1-week,#C73E1D,602
C0561,89,89,1,202729,202729,1-week,#C73E1D,603
C0560,89,89,1,202729,202729,1-week,#C73E1D,604
C0559,89,89,1,202729,202729,1-week,#C73E1D,605
C0558,89,89,1,202729,202729,1-week,#C73E1D,606
C0557,89,89,1,202729,202729,1-week,#C73E1D,607
C0556,89,89,1,202729,202729,1-week,#C73E1D,608
C0554,89,89,1,202729,202729,1-week,#C73E1D,609
C0553,89,89,1,202729,202729,1-week,#C73E1D,610
C0552,89,89,1,202729,202729,1-week,#C73E1D,611
C0555,89,89,1,202729,202729,1-week,#C73E1D,612
C0569,90,90,1,202730,202730,1-week,#C73E1D,613
C0568,90,90,1,202730,202730,1-week,#C73E1D,614
C0567,90,90,1,202730,202730,1-week,#C73E1D,615
C0565,90,90,1,202730,202730,1-week,#C73E1D,616
C0566,90,90,1,202730,202730,1-week,#C73E1D,617
C0570,91,91,1,202731,202731,1-week,#C73E1D,618
C0571,91,91,1,202731,202731,1-week,#C73E1D,619
C0572,91,91,1,202731,202731,1-week,#C73E1D,620
C0573,91,91,1,202731,202731,1-week,#C73E1D,621
C0574,91,91,1,202731,202731,1-week,#C73E1D,622
C0575,91,91,1,202731,202731,1-week,#C73E1D,623
C0576,91,91,1,202731,202731,1-week,#C73E1D,624
C0577,91,91,1,202731,202731,1-week,#C73E1D,625
C0578,91,91,1,202731,202731,1-week,#C73E1D,626
C0581,92,92,1,202732,202732,1-week,#C73E1D,627
C0580,92,92,1,202732,202732,1-week,#C73E1D,628
C0579,92,92,1,202732,202732,1-week,#C73E1D,629
C0582,93,93,1,202733,202733,1-week,#C73E1D,630
C0583,93,93,1,202733,202733,1-week,#C73E1D,631
C0584,93,93,1,202733,202733,1-week,#C73E1D,632
C0585,93,93,1,202733,202733,1-week,#C73E1D,633
C0586,93,93,1,202733,202733,1-week,#C73E1D,634
C0587,93,93,1,202733,202733,1-week,#C73E1D,635
C0588,93,93,1,202733,202733,1-week,#C73E1D,636
C0589,93,93,1,202733,202733,1-week,#C73E1D,637
C0590,93,93,1,202733,202733,1-week,#C73E1D,638
C0591,93,93,1,202733,202733,1-week,#C73E1D,639
C0592,93,93,1,202733,202733,1-week,#C73E1D,640
C0593,94,94,1,202734,202734,1-week,#C73E1D,641
C0594,97,97,1,202737,202737,1-week,#C73E1D,642
C0595,97,97,1,202737,202737,1-week,#C73E1D,643
C0596,97,97,1,202737,202737,1-week,#C73E1D,644
C0597,97,97,1,202737,202737,1-week,#C73E1D,645
C0598,97,97,1,202737,202737,1-week,#C73E1D,646
C0599,97,97,1,202737,202737,1-week,#C73E1D,647
C0600,97,97,1,202737,202737,1-week,#C73E1D,648
C0611,99,99,1,202739,202739,1-week,#C73E1D,649
C0610,99,99,1,202739,202739,1-week,#C73E1D,650
C0609,99,99,1,202739,202739,1-week,#C73E1D,651
C0606,99,99,1,202739,202739,1-week,#C73E1D,652
C0607,99,99,1,202739,202739,1-week,#C73E1D,653
C0605,99,99,1,202739,202739,1-week,#C73E1D,654
C0604,99,99,1,202739,202739,1-week,#C73E1D,655
C0608,99,99,1,202739,202739,1-week,#C73E1D,656
C0620,102,102,1,202742,202742,1-week,#C73E1D,657
C0624,102,102,1,202742,202742,1-week,#C73E1D,658
C0623,102,102,1,202742,202742,1-week,#C73E1D,659
C0622,102,102,1,202742,202742,1-week,#C73E1D,660
C0621,102,102,1,202742,202742,1-week,#C73E1D,661
C0619,102,102,1,202742,202742,1-week,#C73E1D,662
C0617,102,102,1,202742,202742,1-week,#C73E1D,663
C0616,102,102,1,202742,202742,1-week,#C73E1D,664
C0615,102,102,1,202742,202742,1-week,#C73E1D,665
C0614,102,102,1,202742,202742,1-week,#C73E1D,666
C0613,102,102,1,202742,202742,1-week,#C73E1D,667
C0618,102,102,1,202742,202742,1-week,#C73E1D,668
C0625,103,103,1,202743,202743,1-week,#C73E1D,669
C0626,103,103,1,202743,202743,1-week,#C73E1D,670
C0630,104,104,1,202744,202744,1-week,#C73E1D,671
C0636,104,104,1,202744,202744,1-week,#C73E1D,672
C0635,104,104,1,202744,202744,1-week,#C73E1D,673
C0634,104,104,1,202744,202744,1-week,#C73E1D,674
C0633,104,104,1,202744,202744,1-week,#C73E1D,675
C0629,104,104,1,202744,202744,1-week,#C73E1D,676
C0631,104,104,1,202744,202744,1-week,#C73E1D,677
C0637,104,104,1,202744,202744,1-week,#C73E1D,678
C0628,104,104,1,202744,202744,1-week,#C73E1D,679
C0627,104,104,1,202744,202744,1-week,#C73E1D,680
C0632,104,104,1,202744,202744,1-week,#C73E1D,681
C0638,104,104,1,202744,202744,1-week,#C73E1D,682
C0643,106,106,1,202746,202746,1-week,#C73E1D,683
C0642,106,106,1,202746,202746,1-week,#C73E1D,684
C0641,106,106,1,202746,202746,1-week,#C73E1D,685
C0640,106,106,1,202746,202746,1-week,#C73E1D,686
C0639,106,106,1,202746,202746,1-week,#C73E1D,687
C0653,109,109,1,202749,202749,1-week,#C73E1D,688
C0654,109,109,1,202749,202749,1-week,#C73E1D,689
C0655,109,109,1,202749,202749,1-week,#C73E1D,690
C0656,110,110,1,202750,202750,1-week,#C73E1D,691
C0657,110,110,1,202750,202750,1-week,#C73E1D,692
C0658,110,110,1,202750,202750,1-week,#C73E1D,693
C0659,110,110,1,202750,202750,1-week,#C73E1D,694
C0671,114,114,1,202802,202802,1-week,#C73E1D,695
C0672,114,114,1,202802,202802,1-week,#C73E1D,696
C0670,114,114,1,202802,202802,1-week,#C73E1D,697
C0674,114,114,1,202802,202802,1-week,#C73E1D,698
C0673,114,114,1,202802,202802,1-week,#C73E1D,699
C0669,114,114,1,202802,202802,1-week,#C73E1D,700
C0662,114,114,1,202802,202802,1-week,#C73E1D,701
C0667,114,114,1,202802,202802,1-week,#C73E1D,702
C0663,114,114,1,202802,202802,1-week,#C73E1D,703
C0664,114,114,1,202802,202802,1-week,#C73E1D,704
C0668,114,114,1,202802,202802,1-week,#C73E1D,705
C0666,114,114,1,202802,202802,1-week,#C73E1D,706
C0665,114,114,1,202802,202802,1-week,#C73E1D,707
C0675,115,115,1,202803,202803,1-week,#C73E1D,708
C0676,115,115,1,202803,202803,1-week,#C73E1D,709
C0677,115,115,1,202803,202803,1-week,#C73E1D,710
C0678,115,115,1,202803,202803,1-week,#C73E1D,711
C0679,115,115,1,202803,202803,1-week,#C73E1D,712
C0680,116,116,1,202804,202804,1-week,#C73E1D,713
C0681,116,116,1,202804,202804,1-week,#C73E1D,714
C0682,117,117,1,202805,202805,1-week,#C73E1D,715
C0683,117,117,1,202805,202805,1-week,#C73E1D,716
C0684,117,117,1,202805,202805,1-week,#C73E1D,717
C0685,117,117,1,202805,202805,1-week,#C73E1D,718
C0686,117,117,1,202805,202805,1-week,#C73E1D,719
C0690,118,118,1,202806,202806,1-week,#C73E1D,720
C0689,118,118,1,202806,202806,1-week,#C73E1D,721
C0691,118,118,1,202806,202806,1-week,#C73E1D,722
C0687,118,118,1,202806,202806,1-week,#C73E1D,723
C0688,118,118,1,202806,202806,1-week,#C73E1D,724
C0694,119,119,1,202807,202807,1-week,#C73E1D,725
C0693,119,119,1,202807,202807,1-week,#C73E1D,726
C0692,119,119,1,202807,202807,1-week,#C73E1D,727
C0704,120,120,1,202808,202808,1-week,#C73E1D,728
C0702,120,120,1,202808,202808,1-week,#C73E1D,729
C0700,120,120,1,202808,202808,1-week,#C73E1D,730
C0699,120,120,1,202808,202808,1-week,#C73E1D,731
C0703,120,120,1,202808,202808,1-week,#C73E1D,732
C0697,120,120,1,202808,202808,1-week,#C73E1D,733
C0696,120,120,1,202808,202808,1-week,#C73E1D,734
C0695,120,120,1,202808,202808,1-week,#C73E1D,735
C0698,120,120,1,202808,202808,1-week,#C73E1D,736
C0701,120,120,1,202808,202808,1-week,#C73E1D,737
C0705,121,121,1,202809,202809,1-week,#C73E1D,738
C0706,121,121,1,202809,202809,1-week,#C73E1D,739
C0707,121,121,1,202809,202809,1-week,#C73E1D,740
C0708,121,121,1,202809,202809,1-week,#C73E1D,741
C0715,122,122,1,202810,202810,1-week,#C73E1D,742
C0719,122,122,1,202810,202810,1-week,#C73E1D,743
C0718,122,122,1,202810,202810,1-week,#C73E1D,744
C0717,122,122,1,202810,202810,1-week,#C73E1D,745
C0716,122,122,1,202810,202810,1-week,#C73E1D,746
C0713,122,122,1,202810,202810,1-week,#C73E1D,747
C0712,122,122,1,202810,202810,1-week,#C73E1D,748
C0711,122,122,1,202810,202810,1-week,#C73E1D,749
C0710,122,122,1,202810,202810,1-week,#C73E1D,750
C0709,122,122,1,202810,202810,1-week,#C73E1D,751
C0714,122,122,1,202810,202810,1-week,#C73E1D,752
C0733,123,123,1,202811,202811,1-week,#C73E1D,753
C0732,123,123,1,202811,202811,1-week,#C73E1D,754
C0731,123,123,1,202811,202811,1-week,#C73E1D,755
C0730,123,123,1,202811,202811,1-week,#C73E1D,756
C0729,123,123,1,202811,202811,1-week,#C73E1D,757
C0728,123,123,1,202811,202811,1-week,#C73E1D,758
C0727,123,123,1,202811,202811,1-week,#C73E1D,759
C0726,123,123,1,202811,202811,1-week,#C73E1D,760
C0725,123,123,1,202811,202811,1-week,#C73E1D,761
C0724,123,123,1,202811,202811,1-week,#C73E1D,762
C0723,123,123,1,202811,202811,1-week,#C73E1D,763
C0722,123,123,1,202811,202811,1-week,#C73E1D,764
C0721,123,123,1,202811,202811,1-week,#C73E1D,765
C0720,123,123,1,202811,202811,1-week,#C73E1D,766
C0742,124,124,1,202812,202812,1-week,#C73E1D,767
C0741,124,124,1,202812,202812,1-week,#C73E1D,768
C0743,124,124,1,202812,202812,1-week,#C73E1D,769
C0740,124,124,1,202812,202812,1-week,#C73E1D,770
C0739,124,124,1,202812,202812,1-week,#C73E1D,771
C0736,124,124,1,202812,202812,1-week,#C73E1D,772
C0737,124,124,1,202812,202812,1-week,#C73E1D,773
C0735,124,124,1,202812,202812,1-week,#C73E1D,774
C0734,124,124,1,202812,202812,1-week,#C73E1D,775
C0738,124,124,1,202812,202812,1-week,#C73E1D,776
C0753,127,127,1,202815,202815,1-week,#C73E1D,777
C0752,127,127,1,202815,202815,1-week,#C73E1D,778
C0751,127,127,1,202815,202815,1-week,#C73E1D,779
C0750,127,127,1,202815,202815,1-week,#C73E1D,780
C0749,127,127,1,202815,202815,1-week,#C73E1D,781
C0748,127,127,1,202815,202815,1-week,#C73E1D,782
C0746,127,127,1,202815,202815,1-week,#C73E1D,783
C0745,127,127,1,202815,202815,1-week,#C73E1D,784
C0744,127,127,1,202815,202815,1-week,#C73E1D,785
C0747,127,127,1,202815,202815,1-week,#C73E1D,786
C0761,129,129,1,202817,202817,1-week,#C73E1D,787
C0762,129,129,1,202817,202817,1-week,#C73E1D,788
C0760,129,129,1,202817,202817,1-week,#C73E1D,789
C0759,129,129,1,202817,202817,1-week,#C73E1D,790
C0758,129,129,1,202817,202817,1-week,#C73E1D,791
C0757,129,129,1,202817,202817,1-week,#C73E1D,792
C0756,129,129,1,202817,202817,1-week,#C73E1D,793
C0755,129,129,1,202817,202817,1-week,#C73E1D,794
C0771,130,130,1,202818,202818,1-week,#C73E1D,795
C0769,130,130,1,202818,202818,1-week,#C73E1D,796
C0768,130,130,1,202818,202818,1-week,#C73E1D,797
C0767,130,130,1,202818,202818,1-week,#C73E1D,798
C0770,130,130,1,202818,202818,1-week,#C73E1D,799
C0765,130,130,1,202818,202818,1-week,#C73E1D,800
C0764,130,130,1,202818,202818,1-week,#C73E1D,801
C0763,130,130,1,202818,202818,1-week,#C73E1D,802
C0766,130,130,1,202818,202818,1-week,#C73E1D,803
C0773,132,132,1,202820,202820,1-week,#C73E1D,804
C0774,132,132,1,202820,202820,1-week,#C73E1D,805
C0775,132,132,1,202820,202820,1-week,#C73E1D,806
C0776,132,132,1,202820,202820,1-week,#C73E1D,807
C0777,132,132,1,202820,202820,1-week,#C73E1D,808
C0778,132,132,1,202820,202820,1-week,#C73E1D,809
C0785,133,133,1,202821,202821,1-week,#C73E1D,810
C0787,133,133,1,202821,202821,1-week,#C73E1D,811
C0786,133,133,1,202821,202821,1-week,#C73E1D,812
C0784,133,133,1,202821,202821,1-week,#C73E1D,813
C0782,133,133,1,202821,202821,1-week,#C73E1D,814
C0781,133,133,1,202821,202821,1-week,#C73E1D,815
C0780,133,133,1,202821,202821,1-week,#C73E1D,816
C0779,133,133,1,202821,202821,1-week,#C73E1D,817
C0783,133,133,1,202821,202821,1-week,#C73E1D,818
C0788,134,134,1,202822,202822,1-week,#C73E1D,819
C0792,136,136,1,202824,202824,1-week,#C73E1D,820
C0789,136,136,1,202824,202824,1-week,#C73E1D,821
C0790,136,136,1,202824,202824,1-week,#C73E1D,822
C0791,136,136,1,202824,202824,1-week,#C73E1D,823
C0793,136,136,1,202824,202824,1-week,#C73E1D,824
C0797,137,137,1,202825,202825,1-week,#C73E1D,825
C0796,137,137,1,202825,202825,1-week,#C73E1D,826
C0794,137,137,1,202825,202825,1-week,#C73E1D,827
C0795,137,137,1,202825,202825,1-week,#C73E1D,828
C0798,139,139,1,202827,202827,1-week,#C73E1D,829
C0799,139,139,1,202827,202827,1-week,#C73E1D,830
C0808,140,140,1,202828,202828,1-week,#C73E1D,831
C0809,140,140,1,202828,202828,1-week,#C73E1D,832
C0807,140,140,1,202828,202828,1-week,#C73E1D,833
C0811,140,140,1,202828,202828,1-week,#C73E1D,834
C0810,140,140,1,202828,202828,1-week,#C73E1D,835
C0806,140,140,1,202828,202828,1-week,#C73E1D,836
C0803,140,140,1,202828,202828,1-week,#C73E1D,837
C0804,140,140,1,202828,202828,1-week,#C73E1D,838
C0805,140,140,1,202828,202828,1-week,#C73E1D,839
C0802,140,140,1,202828,202828,1-week,#C73E1D,840
C0801,140,140,1,202828,202828,1-week,#C73E1D,841
C0800,140,140,1,202828,202828,1-week,#C73E1D,842
C0819,141,141,1,202829,202829,1-week,#C73E1D,843
C0818,141,141,1,202829,202829,1-week,#C73E1D,844
C0817,141,141,1,202829,202829,1-week,#C73E1D,845
C0816,141,141,1,202829,202829,1-week,#C73E1D,846
C0815,141,141,1,202829,202829,1-week,#C73E1D,847
C0814,141,141,1,202829,202829,1-week,#C73E1D,848
C0813,141,141,1,202829,202829,1-week,#C73E1D,849
C0812,141,141,1,202829,202829,1-week,#C73E1D,850
C0828,142,142,1,202830,202830,1-week,#C73E1D,851
C0826,142,142,1,202830,202830,1-week,#C73E1D,852
C0825,142,142,1,202830,202830,1-week,#C73E1D,853
C0824,142,142,1,202830,202830,1-week,#C73E1D,854
C0827,142,142,1,202830,202830,1-week,#C73E1D,855
C0822,142,142,1,202830,202830,1-week,#C73E1D,856
C0821,142,142,1,202830,202830,1-week,#C73E1D,857
C0820,142,142,1,202830,202830,1-week,#C73E1D,858
C0823,142,142,1,202830,202830,1-week,#C73E1D,859
C0829,143,143,1,202831,202831,1-week,#C73E1D,860
C0830,143,143,1,202831,202831,1-week,#C73E1D,861
C0831,143,143,1,202831,202831,1-week,#C73E1D,862
C0832,143,143,1,202831,202831,1-week,#C73E1D,863
C0833,143,143,1,202831,202831,1-week,#C73E1D,864
C0834,143,143,1,202831,202831,1-week,#C73E1D,865
C0842,145,145,1,202833,202833,1-week,#C73E1D,866
C0841,145,145,1,202833,202833,1-week,#C73E1D,867
C0840,145,145,1,202833,202833,1-week,#C73E1D,868
C0836,145,145,1,202833,202833,1-week,#C73E1D,869
C0838,145,145,1,202833,202833,1-week,#C73E1D,870
C0837,145,145,1,202833,202833,1-week,#C73E1D,871
C0839,145,145,1,202833,202833,1-week,#C73E1D,872
C0843,146,146,1,202834,202834,1-week,#C73E1D,873
C0844,146,146,1,202834,202834,1-week,#C73E1D,874
C0851,148,148,1,202836,202836,1-week,#C73E1D,875
C0854,148,148,1,202836,202836,1-week,#C73E1D,876
C0852,148,148,1,202836,202836,1-week,#C73E1D,877
C0850,148,148,1,202836,202836,1-week,#C73E1D,878
C0853,148,148,1,202836,202836,1-week,#C73E1D,879
C0848,148,148,1,202836,202836,1-week,#C73E1D,880
C0847,148,148,1,202836,202836,1-week,#C73E1D,881
C0846,148,148,1,202836,202836,1-week,#C73E1D,882
C0849,148,148,1,202836,202836,1-week,#C73E1D,883
C0845,148,148,1,202836,202836,1-week,#C73E1D,884
C0866,149,149,1,202837,202837,1-week,#C73E1D,885
C0865,149,149,1,202837,202837,1-week,#C73E1D,886
C0864,149,149,1,202837,202837,1-week,#C73E1D,887
C0863,149,149,1,202837,202837,1-week,#C73E1D,888
C0862,149,149,1,202837,202837,1-week,#C73E1D,889
C0861,149,149,1,202837,202837,1-week,#C73E1D,890
C0860,149,149,1,202837,202837,1-week,#C73E1D,891
C0859,149,149,1,202837,202837,1-week,#C73E1D,892
C0858,149,149,1,202837,202837,1-week,#C73E1D,893
C0857,149,149,1,202837,202837,1-week,#C73E1D,894
C0856,149,149,1,202837,202837,1-week,#C73E1D,895
C0855,149,149,1,202837,202837,1-week,#C73E1D,896
C0877,150,150,1,202838,202838,1-week,#C73E1D,897
C0876,150,150,1,202838,202838,1-week,#C73E1D,898
C0878,150,150,1,202838,202838,1-week,#C73E1D,899
C0874,150,150,1,202838,202838,1-week,#C73E1D,900
C0873,150,150,1,202838,202838,1-week,#C73E1D,901
C0875,150,150,1,202838,202838,1-week,#C73E1D,902
C0871,150,150,1,202838,202838,1-week,#C73E1D,903
C0870,150,150,1,202838,202838,1-week,#C73E1D,904
C0869,150,150,1,202838,202838,1-week,#C73E1D,905
C0868,150,150,1,202838,202838,1-week,#C73E1D,906
C0867,150,150,1,202838,202838,1-week,#C73E1D,907
C0872,150,150,1,202838,202838,1-week,#C73E1D,908
C0880,152,152,1,202840,202840,1-week,#C73E1D,909
C0881,152,152,1,202840,202840,1-week,#C73E1D,910
C0894,153,153,1,202841,202841,1-week,#C73E1D,911
C0893,153,153,1,202841,202841,1-week,#C73E1D,912
C0892,153,153,1,202841,202841,1-week,#C73E1D,913
C0891,153,153,1,202841,202841,1-week,#C73E1D,914
C0890,153,153,1,202841,202841,1-week,#C73E1D,915
C0889,153,153,1,202841,202841,1-week,#C73E1D,916
C0886,153,153,1,202841,202841,1-week,#C73E1D,917
C0887,153,153,1,202841,202841,1-week,#C73E1D,918
C0885,153,153,1,202841,202841,1-week,#C73E1D,919
C0884,153,153,1,202841,202841,1-week,#C73E1D,920
C0883,153,153,1,202841,202841,1-week,#C73E1D,921
C0888,153,153,1,202841,202841,1-week,#C73E1D,922
C0901,155,155,1,202843,202843,1-week,#C73E1D,923
C0899,155,155,1,202843,202843,1-week,#C73E1D,924
C0898,155,155,1,202843,202843,1-week,#C73E1D,925
C0897,155,155,1,202843,202843,1-week,#C73E1D,926
C0896,155,155,1,202843,202843,1-week,#C73E1D,927
C0895,155,155,1,202843,202843,1-week,#C73E1D,928
C0900,155,155,1,202843,202843,1-week,#C73E1D,929
C0907,157,157,1,202845,202845,1-week,#C73E1D,930
C0908,157,157,1,202845,202845,1-week,#C73E1D,931
C0915,161,161,1,202849,202849,1-week,#C73E1D,932
C0916,161,161,1,202849,202849,1-week,#C73E1D,933
C0931,162,162,1,202850,202850,1-week,#C73E1D,934
C0930,162,162,1,202850,202850,1-week,#C73E1D,935
C0929,162,162,1,202850,202850,1-week,#C73E1D,936
C0928,162,162,1,202850,202850,1-week,#C73E1D,937
C0927,162,162,1,202850,202850,1-week,#C73E1D,938
C0926,162,162,1,202850,202850,1-week,#C73E1D,939
C0924,162,162,1,202850,202850,1-week,#C73E1D,940
C0925,162,162,1,202850,202850,1-week,#C73E1D,941
C0922,162,162,1,202850,202850,1-week,#C73E1D,942
C0921,162,162,1,202850,202850,1-week,#C73E1D,943
C0920,162,162,1,202850,202850,1-week,#C73E1D,944
C0919,162,162,1,202850,202850,1-week,#C73E1D,945
C0918,162,162,1,202850,202850,1-week,#C73E1D,946
C0917,162,162,1,202850,202850,1-week,#C73E1D,947
C0923,162,162,1,202850,202850,1-week,#C73E1D,948
C0941,166,166,1,202902,202902,1-week,#C73E1D,949
C0940,166,166,1,202902,202902,1-week,#C73E1D,950
C0939,166,166,1,202902,202902,1-week,#C73E1D,951
C0938,166,166,1,202902,202902,1-week,#C73E1D,952
C0936,166,166,1,202902,202902,1-week,#C73E1D,953
C0935,166,166,1,202902,202902,1-week,#C73E1D,954
C0934,166,166,1,202902,202902,1-week,#C73E1D,955
C0933,166,166,1,202902,202902,1-week,#C73E1D,956
C0937,166,166,1,202902,202902,1-week,#C73E1D,957
C0950,167,167,1,202903,202903,1-week,#C73E1D,958
C0955,167,167,1,202903,202903,1-week,#C73E1D,959
C0954,167,167,1,202903,202903,1-week,#C73E1D,960
C0953,167,167,1,202903,202903,1-week,#C73E1D,961
C0952,167,167,1,202903,202903,1-week,#C73E1D,962
C0951,167,167,1,202903,202903,1-week,#C73E1D,963
C0949,167,167,1,202903,202903,1-week,#C73E1D,964
C0948,167,167,1,202903,202903,1-week,#C73E1D,965
C0947,167,167,1,202903,202903,1-week,#C73E1D,966
C0946,167,167,1,202903,202903,1-week,#C73E1D,967
C0945,167,167,1,202903,202903,1-week,#C73E1D,968
C0944,167,167,1,202903,202903,1-week,#C73E1D,969
C0943,167,167,1,202903,202903,1-week,#C73E1D,970
C0942,167,167,1,202903,202903,1-week,#C73E1D,971
C0966,168,168,1,202904,202904,1-week,#C73E1D,972
C0965,168,168,1,202904,202904,1-week,#C73E1D,973
C0964,168,168,1,202904,202904,1-week,#C73E1D,974
C0963,168,168,1,202904,202904,1-week,#C73E1D,975
C0962,168,168,1,202904,202904,1-week,#C73E1D,976
C0959,168,168,1,202904,202904,1-week,#C73E1D,977
C0960,168,168,1,202904,202904,1-week,#C73E1D,978
C0958,168,168,1,202904,202904,1-week,#C73E1D,979
C0957,168,168,1,202904,202904,1-week,#C73E1D,980
C0956,168,168,1,202904,202904,1-week,#C73E1D,981
C0961,168,168,1,202904,202904,1-week,#C73E1D,982
C0970,169,169,1,202905,202905,1-week,#C73E1D,983
C0969,169,169,1,202905,202905,1-week,#C73E1D,984
C0971,169,169,1,202905,202905,1-week,#C73E1D,985
C0967,169,169,1,202905,202905,1-week,#C73E1D,986
C0968,169,169,1,202905,202905,1-week,#C73E1D,987
C0972,170,170,1,202906,202906,1-week,#C73E1D,988
C0973,170,170,1,202906,202906,1-week,#C73E1D,989
C0974,170,170,1,202906,202906,1-week,#C73E1D,990
C0984,171,171,1,202907,202907,1-week,#C73E1D,991
C0983,171,171,1,202907,202907,1-week,#C73E1D,992
C0982,171,171,1,202907,202907,1-week,#C73E1D,993
C0980,171,171,1,202907,202907,1-week,#C73E1D,994
C0981,171,171,1,202907,202907,1-week,#C73E1D,995
C0978,171,171,1,202907,202907,1-week,#C73E1D,996
C0977,171,171,1,202907,202907,1-week,#C73E1D,997
C0976,171,171,1,202907,202907,1-week,#C73E1D,998
C0975,171,171,1,202907,202907,1-week,#C73E1D,999
C0979,171,171,1,202907,202907,1-week,#C73E1D,1000
C0985,172,172,1,202908,202908,1-week,#C73E1D,1001
C0986,172,172,1,202908,202908,1-week,#C73E1D,1002
C0987,172,172,1,202908,202908,1-week,#C73E1D,1003
C0988,172,172,1,202908,202908,1-week,#C73E1D,1004
C0989,172,172,1,202908,202908,1-week,#C73E1D,1005
C0990,172,172,1,202908,202908,1-week,#C73E1D,1006
C0991,172,172,1,202908,202908,1-week,#C73E1D,1007
C0997,173,173,1,202909,202909,1-week,#C73E1D,1008
C0995,173,173,1,202909,202909,1-week,#C73E1D,1009
C0996,173,173,1,202909,202909,1-week,#C73E1D,1010
C0993,173,173,1,202909,202909,1-week,#C73E1D,1011
C0992,173,173,1,202909,202909,1-week,#C73E1D,1012
C0994,173,173,1,202909,202909,1-week,#C73E1D,1013
C0998,174,174,1,202910,202910,1-week,#C73E1D,1014
C1011,174,174,1,202910,202910,1-week,#C73E1D,1015
C1010,174,174,1,202910,202910,1-week,#C73E1D,1016
C1009,174,174,1,202910,202910,1-week,#C73E1D,1017
C1007,174,174,1,202910,202910,1-week,#C73E1D,1018
C1005,174,174,1,202910,202910,1-week,#C73E1D,1019
C1008,174,174,1,202910,202910,1-week,#C73E1D,1020
C1003,174,174,1,202910,202910,1-week,#C73E1D,1021
C1002,174,174,1,202910,202910,1-week,#C73E1D,1022
C1001,174,174,1,202910,202910,1-week,#C73E1D,1023
C1000,174,174,1,202910,202910,1-week,#C73E1D,1024
C0999,174,174,1,202910,202910,1-week,#C73E1D,1025
C1004,174,174,1,202910,202910,1-week,#C73E1D,1026
C1006,174,174,1,202910,202910,1-week,#C73E1D,1027
C1019,175,175,1,202911,202911,1-week,#C73E1D,1028
C1025,175,175,1,202911,202911,1-week,#C73E1D,1029
C1024,175,175,1,202911,202911,1-week,#C73E1D,1030
C1023,175,175,1,202911,202911,1-week,#C73E1D,1031
C1022,175,175,1,202911,202911,1-week,#C73E1D,1032
C1021,175,175,1,202911,202911,1-week,#C73E1D,1033
C1020,175,175,1,202911,202911,1-week,#C73E1D,1034
C1018,175,175,1,202911,202911,1-week,#C73E1D,1035
C1016,175,175,1,202911,202911,1-week,#C73E1D,1036
C1015,175,175,1,202911,202911,1-week,#C73E1D,1037
C1014,175,175,1,202911,202911,1-week,#C73E1D,1038
C1013,175,175,1,202911,202911,1-week,#C73E1D,1039
C1012,175,175,1,202911,202911,1-week,#C73E1D,1040
C1017,175,175,1,202911,202911,1-week,#C73E1D,1041
C1035,176,176,1,202912,202912,1-week,#C73E1D,1042
C1034,176,176,1,202912,202912,1-week,#C73E1D,1043
C1033,176,176,1,202912,202912,1-week,#C73E1D,1044
C1032,176,176,1,202912,202912,1-week,#C73E1D,1045
C1031,176,176,1,202912,202912,1-week,#C73E1D,1046
C1029,176,176,1,202912,202912,1-week,#C73E1D,1047
C1028,176,176,1,202912,202912,1-week,#C73E1D,1048
C1027,176,176,1,202912,202912,1-week,#C73E1D,1049
C1026,176,176,1,202912,202912,1-week,#C73E1D,1050
C1030,176,176,1,202912,202912,1-week,#C73E1D,1051
C1041,179,179,1,202915,202915,1-week,#C73E1D,1052
C1036,179,179,1,202915,202915,1-week,#C73E1D,1053
C1037,179,179,1,202915,202915,1-week,#C73E1D,1054
C1038,179,179,1,202915,202915,1-week,#C73E1D,1055
C1039,179,179,1,202915,202915,1-week,#C73E1D,1056
C1040,179,179,1,202915,202915,1-week,#C73E1D,1057
C1042,179,179,1,202915,202915,1-week,#C73E1D,1058
C1045,181,181,1,202917,202917,1-week,#C73E1D,1059
C1046,181,181,1,202917,202917,1-week,#C73E1D,1060
C1047,183,183,1,202919,202919,1-week,#C73E1D,1061
C1055,184,184,1,202920,202920,1-week,#C73E1D,1062
C1054,184,184,1,202920,202920,1-week,#C73E1D,1063
C1052,184,184,1,202920,202920,1-week,#C73E1D,1064
C1056,184,184,1,202920,202920,1-week,#C73E1D,1065
C1050,184,184,1,202920,202920,1-week,#C73E1D,1066
C1049,184,184,1,202920,202920,1-week,#C73E1D,1067
C1048,184,184,1,202920,202920,1-week,#C73E1D,1068
C1051,184,184,1,202920,202920,1-week,#C73E1D,1069
C1053,184,184,1,202920,202920,1-week,#C73E1D,1070
C1062,185,185,1,202921,202921,1-week,#C73E1D,1071
C1057,185,185,1,202921,202921,1-week,#C73E1D,1072
C1058,185,185,1,202921,202921,1-week,#C73E1D,1073
C1059,185,185,1,202921,202921,1-week,#C73E1D,1074
C1060,185,185,1,202921,202921,1-week,#C73E1D,1075
C1061,185,185,1,202921,202921,1-week,#C73E1D,1076
C1066,186,186,1,202922,202922,1-week,#C73E1D,1077
C1065,186,186,1,202922,202922,1-week,#C73E1D,1078
C1063,186,186,1,202922,202922,1-week,#C73E1D,1079
C1067,186,186,1,202922,202922,1-week,#C73E1D,1080
C1064,186,186,1,202922,202922,1-week,#C73E1D,1081
C1068,186,186,1,202922,202922,1-week,#C73E1D,1082
C1070,187,187,1,202923,202923,1-week,#C73E1D,1083
C1069,187,187,1,202923,202923,1-week,#C73E1D,1084
C1078,188,188,1,202924,202924,1-week,#C73E1D,1085
C1071,188,188,1,202924,202924,1-week,#C73E1D,1086
C1072,188,188,1,202924,202924,1-week,#C73E1D,1087
C1073,188,188,1,202924,202924,1-week,#C73E1D,1088
C1074,188,188,1,202924,202924,1-week,#C73E1D,1089
C1075,188,188,1,202924,202924,1-week,#C73E1D,1090
C1076,188,188,1,202924,202924,1-week,#C73E1D,1091
C1077,188,188,1,202924,202924,1-week,#C73E1D,1092
C1079,188,188,1,202924,202924,1-week,#C73E1D,1093
C1085,189,189,1,202925,202925,1-week,#C73E1D,1094
C1084,189,189,1,202925,202925,1-week,#C73E1D,1095
C1083,189,189,1,202925,202925,1-week,#C73E1D,1096
C1086,189,189,1,202925,202925,1-week,#C73E1D,1097
C1081,189,189,1,202925,202925,1-week,#C73E1D,1098
C1080,189,189,1,202925,202925,1-week,#C73E1D,1099
C1082,189,189,1,202925,202925,1-week,#C73E1D,1100
C1090,191,191,1,202927,202927,1-week,#C73E1D,1101
C1089,191,191,1,202927,202927,1-week,#C73E1D,1102
C1087,191,191,1,202927,202927,1-week,#C73E1D,1103
C1088,191,191,1,202927,202927,1-week,#C73E1D,1104
C1102,192,192,1,202928,202928,1-week,#C73E1D,1105
C1098,192,192,1,202928,202928,1-week,#C73E1D,1106
C1101,192,192,1,202928,202928,1-week,#C73E1D,1107
C1100,192,192,1,202928,202928,1-week,#C73E1D,1108
C1099,192,192,1,202928,202928,1-week,#C73E1D,1109
C1097,192,192,1,202928,202928,1-week,#C73E1D,1110
C1091,192,192,1,202928,202928,1-week,#C73E1D,1111
C1095,192,192,1,202928,202928,1-week,#C73E1D,1112
C1094,192,192,1,202928,202928,1-week,#C73E1D,1113
C1093,192,192,1,202928,202928,1-week,#C73E1D,1114
C1092,192,192,1,202928,202928,1-week,#C73E1D,1115
C1096,192,192,1,202928,202928,1-week,#C73E1D,1116
C1109,193,193,1,202929,202929,1-week,#C73E1D,1117
C1108,193,193,1,202929,202929,1-week,#C73E1D,1118
C1107,193,193,1,202929,202929,1-week,#C73E1D,1119
C1106,193,193,1,202929,202929,1-week,#C73E1D,1120
C1105,193,193,1,202929,202929,1-week,#C73E1D,1121
C1104,193,193,1,202929,202929,1-week,#C73E1D,1122
C1103,193,193,1,202929,202929,1-week,#C73E1D,1123
C1110,194,194,1,202930,202930,1-week,#C73E1D,1124
C1111,194,194,1,202930,202930,1-week,#C73E1D,1125
C1112,194,194,1,202930,202930,1-week,#C73E1D,1126
C1113,194,194,1,202930,202930,1-week,#C73E1D,1127
C1115,195,195,1,202931,202931,1-week,#C73E1D,1128
C1116,195,195,1,202931,202931,1-week,#C73E1D,1129
C1114,195,195,1,202931,202931,1-week,#C73E1D,1130
C1117,196,196,1,202932,202932,1-week,#C73E1D,1131
C1118,196,196,1,202932,202932,1-week,#C73E1D,1132
C1119,197,197,1,202933,202933,1-week,#C73E1D,1133
C1125,198,198,1,202934,202934,1-week,#C73E1D,1134
C1126,198,198,1,202934,202934,1-week,#C73E1D,1135
C1123,198,198,1,202934,202934,1-week,#C73E1D,1136
C1124,198,198,1,202934,202934,1-week,#C73E1D,1137
C1121,198,198,1,202934,202934,1-week,#C73E1D,1138
C1120,198,198,1,202934,202934,1-week,#C73E1D,1139
C1122,198,198,1,202934,202934,1-week,#C73E1D,1140
C1131,200,200,1,202936,202936,1-week,#C73E1D,1141
C1127,200,200,1,202936,202936,1-week,#C73E1D,1142
C1128,200,200,1,202936,202936,1-week,#C73E1D,1143
C1129,200,200,1,202936,202936,1-week,#C73E1D,1144
C1130,200,200,1,202936,202936,1-week,#C73E1D,1145
C1132,200,200,1,202936,202936,1-week,#C73E1D,1146
C1140,202,202,1,202938,202938,1-week,#C73E1D,1147
C1141,202,202,1,202938,202938,1-week,#C73E1D,1148
C1139,202,202,1,202938,202938,1-week,#C73E1D,1149
C1143,202,202,1,202938,202938,1-week,#C73E1D,1150
C1142,202,202,1,202938,202938,1-week,#C73E1D,1151
C1138,202,202,1,202938,202938,1-week,#C73E1D,1152
C1134,202,202,1,202938,202938,1-week,#C73E1D,1153
C1136,202,202,1,202938,202938,1-week,#C73E1D,1154
C1135,202,202,1,202938,202938,1-week,#C73E1D,1155
C1137,202,202,1,202938,202938,1-week,#C73E1D,1156
C1133,202,202,1,202938,202938,1-week,#C73E1D,1157
C1157,204,204,1,202940,202940,1-week,#C73E1D,1158
C1156,204,204,1,202940,202940,1-week,#C73E1D,1159
C1155,204,204,1,202940,202940,1-week,#C73E1D,1160
C1154,204,204,1,202940,202940,1-week,#C73E1D,1161
C1153,204,204,1,202940,202940,1-week,#C73E1D,1162
C1152,204,204,1,202940,202940,1-week,#C73E1D,1163
C1151,204,204,1,202940,202940,1-week,#C73E1D,1164
C1150,204,204,1,202940,202940,1-week,#C73E1D,1165
C1149,204,204,1,202940,202940,1-week,#C73E1D,1166
C1148,204,204,1,202940,202940,1-week,#C73E1D,1167
C1147,204,204,1,202940,202940,1-week,#C73E1D,1168
C1146,204,204,1,202940,202940,1-week,#C73E1D,1169
C1145,204,204,1,202940,202940,1-week,#C73E1D,1170
C1144,204,204,1,202940,202940,1-week,#C73E1D,1171
C1158,205,205,1,202941,202941,1-week,#C73E1D,1172
C1159,205,205,1,202941,202941,1-week,#C73E1D,1173
C1175,207,207,1,202943,202943,1-week,#C73E1D,1174
C1177,207,207,1,202943,202943,1-week,#C73E1D,1175
C1176,207,207,1,202943,202943,1-week,#C73E1D,1176
C1174,207,207,1,202943,202943,1-week,#C73E1D,1177
C1172,207,207,1,202943,202943,1-week,#C73E1D,1178
C1171,207,207,1,202943,202943,1-week,#C73E1D,1179
C1173,207,207,1,202943,202943,1-week,#C73E1D,1180
C1169,207,207,1,202943,202943,1-week,#C73E1D,1181
C1168,207,207,1,202943,202943,1-week,#C73E1D,1182
C1167,207,207,1,202943,202943,1-week,#C73E1D,1183
C1166,207,207,1,202943,202943,1-week,#C73E1D,1184
C1165,207,207,1,202943,202943,1-week,#C73E1D,1185
C1170,207,207,1,202943,202943,1-week,#C73E1D,1186
C1186,209,209,1,202945,202945,1-week,#C73E1D,1187
C1185,209,209,1,202945,202945,1-week,#C73E1D,1188
C1184,209,209,1,202945,202945,1-week,#C73E1D,1189
C1183,209,209,1,202945,202945,1-week,#C73E1D,1190
C1187,209,209,1,202945,202945,1-week,#C73E1D,1191
C1193,210,210,1,202946,202946,1-week,#C73E1D,1192
C1194,210,210,1,202946,202946,1-week,#C73E1D,1193
C1195,210,210,1,202946,202946,1-week,#C73E1D,1194
C1200,212,212,1,202948,202948,1-week,#C73E1D,1195
C1199,212,212,1,202948,202948,1-week,#C73E1D,1196
C1198,212,212,1,202948,202948,1-week,#C73E1D,1197
C1197,212,212,1,202948,202948,1-week,#C73E1D,1198
C1196,212,212,1,202948,202948,1-week,#C73E1D,1199
C1201,213,213,1,202949,202949,1-week,#C73E1D,1200
C1202,213,213,1,202949,202949,1-week,#C73E1D,1201
C1203,213,213,1,202949,202949,1-week,#C73E1D,1202
C1204,213,213,1,202949,202949,1-week,#C73E1D,1203
C1205,213,213,1,202949,202949,1-week,#C73E1D,1204
C1206,213,213,1,202949,202949,1-week,#C73E1D,1205
C1207,213,213,1,202949,202949,1-week,#C73E1D,1206
C1208,213,213,1,202949,202949,1-week,#C73E1D,1207
C1210,218,218,1,203002,203002,1-week,#C73E1D,1208
C1214,218,218,1,203002,203002,1-week,#C73E1D,1209
C1213,218,218,1,203002,203002,1-week,#C73E1D,1210
C1209,218,218,1,203002,203002,1-week,#C73E1D,1211
C1211,218,218,1,203002,203002,1-week,#C73E1D,1212
C1212,218,218,1,203002,203002,1-week,#C73E1D,1213
C1215,219,219,1,203003,203003,1-week,#C73E1D,1214
C1216,219,219,1,203003,203003,1-week,#C73E1D,1215
C1217,219,219,1,203003,203003,1-week,#C73E1D,1216
C1218,219,219,1,203003,203003,1-week,#C73E1D,1217
C1219,219,219,1,203003,203003,1-week,#C73E1D,1218
C1220,219,219,1,203003,203003,1-week,#C73E1D,1219
C1227,220,220,1,203004,203004,1-week,#C73E1D,1220
C1226,220,220,1,203004,203004,1-week,#C73E1D,1221
C1225,220,220,1,203004,203004,1-week,#C73E1D,1222
C1221,220,220,1,203004,203004,1-week,#C73E1D,1223
C1223,220,220,1,203004,203004,1-week,#C73E1D,1224
C1222,220,220,1,203004,203004,1-week,#C73E1D,1225
C1228,220,220,1,203004,203004,1-week,#C73E1D,1226
C1224,220,220,1,203004,203004,1-week,#C73E1D,1227
C1229,220,220,1,203004,203004,1-week,#C73E1D,1228
C1235,221,221,1,203005,203005,1-week,#C73E1D,1229
C1236,221,221,1,203005,203005,1-week,#C73E1D,1230
C1233,221,221,1,203005,203005,1-week,#C73E1D,1231
C1234,221,221,1,203005,203005,1-week,#C73E1D,1232
C1231,221,221,1,203005,203005,1-week,#C73E1D,1233
C1230,221,221,1,203005,203005,1-week,#C73E1D,1234
C1232,221,221,1,203005,203005,1-week,#C73E1D,1235
C1242,222,222,1,203006,203006,1-week,#C73E1D,1236
C1237,222,222,1,203006,203006,1-week,#C73E1D,1237
C1238,222,222,1,203006,203006,1-week,#C73E1D,1238
C1239,222,222,1,203006,203006,1-week,#C73E1D,1239
C1240,222,222,1,203006,203006,1-week,#C73E1D,1240
C1241,222,222,1,203006,203006,1-week,#C73E1D,1241
C1243,222,222,1,203006,203006,1-week,#C73E1D,1242
C1244,222,222,1,203006,203006,1-week,#C73E1D,1243
C1247,223,223,1,203007,203007,1-week,#C73E1D,1244
C1248,223,223,1,203007,203007,1-week,#C73E1D,1245
C1245,223,223,1,203007,203007,1-week,#C73E1D,1246
C1246,223,223,1,203007,203007,1-week,#C73E1D,1247
C1255,224,224,1,203008,203008,1-week,#C73E1D,1248
C1256,224,224,1,203008,203008,1-week,#C73E1D,1249
C1254,224,224,1,203008,203008,1-week,#C73E1D,1250
C1253,224,224,1,203008,203008,1-week,#C73E1D,1251
C1251,224,224,1,203008,203008,1-week,#C73E1D,1252
C1250,224,224,1,203008,203008,1-week,#C73E1D,1253
C1249,224,224,1,203008,203008,1-week,#C73E1D,1254
C1252,224,224,1,203008,203008,1-week,#C73E1D,1255
C1269,225,225,1,203009,203009,1-week,#C73E1D,1256
C1268,225,225,1,203009,203009,1-week,#C73E1D,1257
C1267,225,225,1,203009,203009,1-week,#C73E1D,1258
C1265,225,225,1,203009,203009,1-week,#C73E1D,1259
C1266,225,225,1,203009,203009,1-week,#C73E1D,1260
C1264,225,225,1,203009,203009,1-week,#C73E1D,1261
C1259,225,225,1,203009,203009,1-week,#C73E1D,1262
C1262,225,225,1,203009,203009,1-week,#C73E1D,1263
C1261,225,225,1,203009,203009,1-week,#C73E1D,1264
C1260,225,225,1,203009,203009,1-week,#C73E1D,1265
C1258,225,225,1,203009,203009,1-week,#C73E1D,1266
C1257,225,225,1,203009,203009,1-week,#C73E1D,1267
C1263,225,225,1,203009,203009,1-week,#C73E1D,1268
C1276,227,227,1,203011,203011,1-week,#C73E1D,1269
C1278,227,227,1,203011,203011,1-week,#C73E1D,1270
C1277,227,227,1,203011,203011,1-week,#C73E1D,1271
C1275,227,227,1,203011,203011,1-week,#C73E1D,1272
C1279,227,227,1,203011,203011,1-week,#C73E1D,1273
C1273,227,227,1,203011,203011,1-week,#C73E1D,1274
C1272,227,227,1,203011,203011,1-week,#C73E1D,1275
C1271,227,227,1,203011,203011,1-week,#C73E1D,1276
C1270,227,227,1,203011,203011,1-week,#C73E1D,1277
C1274,227,227,1,203011,203011,1-week,#C73E1D,1278
C1290,228,228,1,203012,203012,1-week,#C73E1D,1279
C1289,228,228,1,203012,203012,1-week,#C73E1D,1280
C1287,228,228,1,203012,203012,1-week,#C73E1D,1281
C1288,228,228,1,203012,203012,1-week,#C73E1D,1282
C1286,228,228,1,203012,203012,1-week,#C73E1D,1283
C1281,228,228,1,203012,203012,1-week,#C73E1D,1284
C1284,228,228,1,203012,203012,1-week,#C73E1D,1285
C1283,228,228,1,203012,203012,1-week,#C73E1D,1286
C1282,228,228,1,203012,203012,1-week,#C73E1D,1287
C1280,228,228,1,203012,203012,1-week,#C73E1D,1288
C1285,228,228,1,203012,203012,1-week,#C73E1D,1289
C1291,231,231,1,203015,203015,1-week,#C73E1D,1290
C1301,232,232,1,203016,203016,1-week,#C73E1D,1291
C1300,232,232,1,203016,203016,1-week,#C73E1D,1292
C1299,232,232,1,203016,203016,1-week,#C73E1D,1293
C1298,232,232,1,203016,203016,1-week,#C73E1D,1294
C1297,232,232,1,203016,203016,1-week,#C73E1D,1295
C1295,232,232,1,203016,203016,1-week,#C73E1D,1296
C1294,232,232,1,203016,203016,1-week,#C73E1D,1297
C1293,232,232,1,203016,203016,1-week,#C73E1D,1298
C1292,232,232,1,203016,203016,1-week,#C73E1D,1299
C1296,232,232,1,203016,203016,1-week,#C73E1D,1300
C1310,233,233,1,203017,203017,1-week,#C73E1D,1301
C1314,233,233,1,203017,203017,1-week,#C73E1D,1302
C1313,233,233,1,203017,203017,1-week,#C73E1D,1303
C1312,233,233,1,203017,203017,1-week,#C73E1D,1304
C1315,233,233,1,203017,203017,1-week,#C73E1D,1305
C1311,233,233,1,203017,203017,1-week,#C73E1D,1306
C1309,233,233,1,203017,203017,1-week,#C73E1D,1307
C1305,233,233,1,203017,203017,1-week,#C73E1D,1308
C1307,233,233,1,203017,203017,1-week,#C73E1D,1309
C1306,233,233,1,203017,203017,1-week,#C73E1D,1310
C1304,233,233,1,203017,203017,1-week,#C73E1D,1311
C1303,233,233,1,203017,203017,1-week,#C73E1D,1312
C1302,233,233,1,203017,203017,1-week,#C73E1D,1313
C1308,233,233,1,203017,203017,1-week,#C73E1D,1314
C1316,234,234,1,203018,203018,1-week,#C73E1D,1315
C1317,234,234,1,203018,203018,1-week,#C73E1D,1316
C1318,234,234,1,203018,203018,1-week,#C73E1D,1317
C1319,234,234,1,203018,203018,1-week,#C73E1D,1318
C1320,234,234,1,203018,203018,1-week,#C73E1D,1319
C1321,234,234,1,203018,203018,1-week,#C73E1D,1320
C1322,234,234,1,203018,203018,1-week,#C73E1D,1321
C1323,234,234,1,203018,203018,1-week,#C73E1D,1322
C1332,235,235,1,203019,203019,1-week,#C73E1D,1323
C1333,235,235,1,203019,203019,1-week,#C73E1D,1324
C1331,235,235,1,203019,203019,1-week,#C73E1D,1325
C1334,235,235,1,203019,203019,1-week,#C73E1D,1326
C1335,235,235,1,203019,203019,1-week,#C73E1D,1327
C1330,235,235,1,203019,203019,1-week,#C73E1D,1328
C1325,235,235,1,203019,203019,1-week,#C73E1D,1329
C1328,235,235,1,203019,203019,1-week,#C73E1D,1330
C1327,235,235,1,203019,203019,1-week,#C73E1D,1331
C1326,235,235,1,203019,203019,1-week,#C73E1D,1332
C1324,235,235,1,203019,203019,1-week,#C73E1D,1333
C1329,235,235,1,203019,203019,1-week,#C73E1D,1334
C1336,236,236,1,203020,203020,1-week,#C73E1D,1335
C1337,236,236,1,203020,203020,1-week,#C73E1D,1336
C1338,236,236,1,203020,203020,1-week,#C73E1D,1337
C1339,236,236,1,203020,203020,1-week,#C73E1D,1338
C1351,237,237,1,203021,203021,1-week,#C73E1D,1339
C1350,237,237,1,203021,203021,1-week,#C73E1D,1340
C1349,237,237,1,203021,203021,1-week,#C73E1D,1341
C1348,237,237,1,203021,203021,1-week,#C73E1D,1342
C1347,237,237,1,203021,203021,1-week,#C73E1D,1343
C1346,237,237,1,203021,203021,1-week,#C73E1D,1344
C1343,237,237,1,203021,203021,1-week,#C73E1D,1345
C1344,237,237,1,203021,203021,1-week,#C73E1D,1346
C1342,237,237,1,203021,203021,1-week,#C73E1D,1347
C1341,237,237,1,203021,203021,1-week,#C73E1D,1348
C1340,237,237,1,203021,203021,1-week,#C73E1D,1349
C1345,237,237,1,203021,203021,1-week,#C73E1D,1350
C1358,238,238,1,203022,203022,1-week,#C73E1D,1351
C1361,238,238,1,203022,203022,1-week,#C73E1D,1352
C1360,238,238,1,203022,203022,1-week,#C73E1D,1353
C1359,238,238,1,203022,203022,1-week,#C73E1D,1354
C1357,238,238,1,203022,203022,1-week,#C73E1D,1355
C1352,238,238,1,203022,203022,1-week,#C73E1D,1356
C1355,238,238,1,203022,203022,1-week,#C73E1D,1357
C1354,238,238,1,203022,203022,1-week,#C73E1D,1358
C1353,238,238,1,203022,203022,1-week,#C73E1D,1359
C1356,238,238,1,203022,203022,1-week,#C73E1D,1360
C1365,239,239,1,203023,203023,1-week,#C73E1D,1361
C1364,239,239,1,203023,203023,1-week,#C73E1D,1362
C1366,239,239,1,203023,203023,1-week,#C73E1D,1363
C1362,239,239,1,203023,203023,1-week,#C73E1D,1364
C1363,239,239,1,203023,203023,1-week,#C73E1D,1365
C1367,240,240,1,203024,203024,1-week,#C73E1D,1366
C1368,241,241,1,203025,203025,1-week,#C73E1D,1367
C1369,241,241,1,203025,203025,1-week,#C73E1D,1368
C1370,241,241,1,203025,203025,1-week,#C73E1D,1369
C1371,241,241,1,203025,203025,1-week,#C73E1D,1370
C1376,243,243,1,203027,203027,1-week,#C73E1D,1371
C1377,243,243,1,203027,203027,1-week,#C73E1D,1372
C1375,243,243,1,203027,203027,1-week,#C73E1D,1373
C1373,243,243,1,203027,203027,1-week,#C73E1D,1374
C1372,243,243,1,203027,203027,1-week,#C73E1D,1375
C1374,243,243,1,203027,203027,1-week,#C73E1D,1376
C1378,244,244,1,203028,203028,1-week,#C73E1D,1377
C1379,244,244,1,203028,203028,1-week,#C73E1D,1378
C1380,245,245,1,203029,203029,1-week,#C73E1D,1379
C1381,245,245,1,203029,203029,1-week,#C73E1D,1380
C1382,245,245,1,203029,203029,1-week,#C73E1D,1381
C1383,245,245,1,203029,203029,1-week,#C73E1D,1382
C1384,245,245,1,203029,203029,1-week,#C73E1D,1383
C1385,245,245,1,203029,203029,1-week,#C73E1D,1384
C1386,245,245,1,203029,203029,1-week,#C73E1D,1385
C1396,247,247,1,203031,203031,1-week,#C73E1D,1386
C1397,247,247,1,203031,203031,1-week,#C73E1D,1387
C1395,247,247,1,203031,203031,1-week,#C73E1D,1388
C1393,247,247,1,203031,203031,1-week,#C73E1D,1389
C1392,247,247,1,203031,203031,1-week,#C73E1D,1390
C1394,247,247,1,203031,203031,1-week,#C73E1D,1391
C1390,247,247,1,203031,203031,1-week,#C73E1D,1392
C1389,247,247,1,203031,203031,1-week,#C73E1D,1393
C1388,247,247,1,203031,203031,1-week,#C73E1D,1394
C1387,247,247,1,203031,203031,1-week,#C73E1D,1395
C1391,247,247,1,203031,203031,1-week,#C73E1D,1396
C1410,248,248,1,203032,203032,1-week,#C73E1D,1397
C1409,248,248,1,203032,203032,1-week,#C73E1D,1398
C1408,248,248,1,203032,203032,1-week,#C73E1D,1399
C1407,248,248,1,203032,203032,1-week,#C73E1D,1400
C1406,248,248,1,203032,203032,1-week,#C73E1D,1401
C1405,248,248,1,203032,203032,1-week,#C73E1D,1402
C1402,248,248,1,203032,203032,1-week,#C73E1D,1403
C1403,248,248,1,203032,203032,1-week,#C73E1D,1404
C1401,248,248,1,203032,203032,1-week,#C73E1D,1405
C1400,248,248,1,203032,203032,1-week,#C73E1D,1406
C1399,248,248,1,203032,203032,1-week,#C73E1D,1407
C1398,248,248,1,203032,203032,1-week,#C73E1D,1408
C1411,248,248,1,203032,203032,1-week,#C73E1D,1409
C1404,248,248,1,203032,203032,1-week,#C73E1D,1410
C1419,249,249,1,203033,203033,1-week,#C73E1D,1411
C1418,249,249,1,203033,203033,1-week,#C73E1D,1412
C1421,249,249,1,203033,203033,1-week,#C73E1D,1413
C1422,249,249,1,203033,203033,1-week,#C73E1D,1414
C1417,249,249,1,203033,203033,1-week,#C73E1D,1415
C1420,249,249,1,203033,203033,1-week,#C73E1D,1416
C1415,249,249,1,203033,203033,1-week,#C73E1D,1417
C1412,249,249,1,203033,203033,1-week,#C73E1D,1418
C1416,249,249,1,203033,203033,1-week,#C73E1D,1419
C1414,249,249,1,203033,203033,1-week,#C73E1D,1420
C1413,249,249,1,203033,203033,1-week,#C73E1D,1421
C1423,250,250,1,203034,203034,1-week,#C73E1D,1422
C1424,250,250,1,203034,203034,1-week,#C73E1D,1423
C1425,250,250,1,203034,203034,1-week,#C73E1D,1424
C1426,250,250,1,203034,203034,1-week,#C73E1D,1425
C1434,252,252,1,203036,203036,1-week,#C73E1D,1426
C1433,252,252,1,203036,203036,1-week,#C73E1D,1427
C1432,252,252,1,203036,203036,1-week,#C73E1D,1428
C1431,252,252,1,203036,203036,1-week,#C73E1D,1429
C1429,252,252,1,203036,203036,1-week,#C73E1D,1430
C1428,252,252,1,203036,203036,1-week,#C73E1D,1431
C1427,252,252,1,203036,203036,1-week,#C73E1D,1432
C1430,252,252,1,203036,203036,1-week,#C73E1D,1433
C1446,253,253,1,203037,203037,1-week,#C73E1D,1434
C1445,253,253,1,203037,203037,1-week,#C73E1D,1435
C1444,253,253,1,203037,203037,1-week,#C73E1D,1436
C1443,253,253,1,203037,203037,1-week,#C73E1D,1437
C1442,253,253,1,203037,203037,1-week,#C73E1D,1438
C1441,253,253,1,203037,203037,1-week,#C73E1D,1439
C1439,253,253,1,203037,203037,1-week,#C73E1D,1440
C1435,253,253,1,203037,203037,1-week,#C73E1D,1441
C1436,253,253,1,203037,203037,1-week,#C73E1D,1442
C1440,253,253,1,203037,203037,1-week,#C73E1D,1443
C1438,253,253,1,203037,203037,1-week,#C73E1D,1444
C1437,253,253,1,203037,203037,1-week,#C73E1D,1445
C1447,254,254,1,203038,203038,1-week,#C73E1D,1446
C1448,254,254,1,203038,203038,1-week,#C73E1D,1447
C1456,255,255,1,203039,203039,1-week,#C73E1D,1448
C1455,255,255,1,203039,203039,1-week,#C73E1D,1449
C1454,255,255,1,203039,203039,1-week,#C73E1D,1450
C1453,255,255,1,203039,203039,1-week,#C73E1D,1451
C1450,255,255,1,203039,203039,1-week,#C73E1D,1452
C1449,255,255,1,203039,203039,1-week,#C73E1D,1453
C1452,255,255,1,203039,203039,1-week,#C73E1D,1454
C1451,255,255,1,203039,203039,1-week,#C73E1D,1455
C1465,256,256,1,203040,203040,1-week,#C73E1D,1456
C1470,256,256,1,203040,203040,1-week,#C73E1D,1457
C1469,256,256,1,203040,203040,1-week,#C73E1D,1458
C1468,256,256,1,203040,203040,1-week,#C73E1D,1459
C1467,256,256,1,203040,203040,1-week,#C73E1D,1460
C1466,256,256,1,203040,203040,1-week,#C73E1D,1461
C1464,256,256,1,203040,203040,1-week,#C73E1D,1462
C1462,256,256,1,203040,203040,1-week,#C73E1D,1463
C1461,256,256,1,203040,203040,1-week,#C73E1D,1464
C1460,256,256,1,203040,203040,1-week,#C73E1D,1465
C1459,256,256,1,203040,203040,1-week,#C73E1D,1466
C1458,256,256,1,203040,203040,1-week,#C73E1D,1467
C1457,256,256,1,203040,203040,1-week,#C73E1D,1468
C1463,256,256,1,203040,203040,1-week,#C73E1D,1469
C1471,257,257,1,203041,203041,1-week,#C73E1D,1470
C1489,258,258,1,203042,203042,1-week,#C73E1D,1471
C1488,258,258,1,203042,203042,1-week,#C73E1D,1472
C1486,258,258,1,203042,203042,1-week,#C73E1D,1473
C1485,258,258,1,203042,203042,1-week,#C73E1D,1474
C1484,258,258,1,203042,203042,1-week,#C73E1D,1475
C1483,258,258,1,203042,203042,1-week,#C73E1D,1476
C1482,258,258,1,203042,203042,1-week,#C73E1D,1477
C1481,258,258,1,203042,203042,1-week,#C73E1D,1478
C1487,258,258,1,203042,203042,1-week,#C73E1D,1479
C1479,258,258,1,203042,203042,1-week,#C73E1D,1480
C1478,258,258,1,203042,203042,1-week,#C73E1D,1481
C1477,258,258,1,203042,203042,1-week,#C73E1D,1482
C1476,258,258,1,203042,203042,1-week,#C73E1D,1483
C1475,258,258,1,203042,203042,1-week,#C73E1D,1484
C1474,258,258,1,203042,203042,1-week,#C73E1D,1485
C1473,258,258,1,203042,203042,1-week,#C73E1D,1486
C1472,258,258,1,203042,203042,1-week,#C73E1D,1487
C1480,258,258,1,203042,203042,1-week,#C73E1D,1488
C1504,259,259,1,203043,203043,1-week,#C73E1D,1489
C1503,259,259,1,203043,203043,1-week,#C73E1D,1490
C1502,259,259,1,203043,203043,1-week,#C73E1D,1491
C1501,259,259,1,203043,203043,1-week,#C73E1D,1492
C1500,259,259,1,203043,203043,1-week,#C73E1D,1493
C1499,259,259,1,203043,203043,1-week,#C73E1D,1494
C1498,259,259,1,203043,203043,1-week,#C73E1D,1495
C1495,259,259,1,203043,203043,1-week,#C73E1D,1496
C1496,259,259,1,203043,203043,1-week,#C73E1D,1497
C1494,259,259,1,203043,203043,1-week,#C73E1D,1498
C1493,259,259,1,203043,203043,1-week,#C73E1D,1499
C1492,259,259,1,203043,203043,1-week,#C73E1D,1500
C1491,259,259,1,203043,203043,1-week,#C73E1D,1501
C1490,259,259,1,203043,203043,1-week,#C73E1D,1502
C1497,259,259,1,203043,203043,1-week,#C73E1D,1503
C1512,260,260,1,203044,203044,1-week,#C73E1D,1504
C1516,260,260,1,203044,203044,1-week,#C73E1D,1505
C1515,260,260,1,203044,203044,1-week,#C73E1D,1506
C1514,260,260,1,203044,203044,1-week,#C73E1D,1507
C1513,260,260,1,203044,203044,1-week,#C73E1D,1508
C1511,260,260,1,203044,203044,1-week,#C73E1D,1509
C1517,260,260,1,203044,203044,1-week,#C73E1D,1510
C1509,260,260,1,203044,203044,1-week,#C73E1D,1511
C1508,260,260,1,203044,203044,1-week,#C73E1D,1512
C1507,260,260,1,203044,203044,1-week,#C73E1D,1513
C1506,260,260,1,203044,203044,1-week,#C73E1D,1514
C1505,260,260,1,203044,203044,1-week,#C73E1D,1515
C1510,260,260,1,203044,203044,1-week,#C73E1D,1516
C1518,260,260,1,203044,203044,1-week,#C73E1D,1517
