Year_WW,Demand,Total_Supply,Surplus,Count_1wk,Count_13wk,Count_26wk,Count_52wk,Contract_IDs_1wk,Contract_IDs_13wk,Contract_IDs_26wk,Contract_IDs_52wk
202545,25,25,0,25,0,0,0,"C0001,C0024,C0023,C0022,C0021,C0020,C0019,C0018,C0017,C0016,C0015,C0014,C0025,C0012,C0013,C0002,C0004,C0005,C0006,C0003,C0008,C0009,C0010,C0011,C0007",None,None,None
202546,16,16,0,3,0,0,13,"C0028,C0027,C0026",None,None,"C0035,C0041,C0040,C0039,C0038,C0037,C0036,C0034,C0031,C0032,C0030,C0029,C0033"
202547,0,13,13,0,0,0,13,None,None,None,"C0035,C0041,C0040,C0039,C0038,C0037,C0036,C0034,C0031,C0032,C0030,C0029,C0033"
202548,15,15,0,2,0,0,13,"C0042,C0043",None,None,"C0035,C0041,C0040,C0039,C0038,C0037,C0036,C0034,C0031,C0032,C0030,C0029,C0033"
202549,26,26,0,13,0,0,13,"C0052,C0056,C0055,C0054,C0053,C0051,C0046,C0049,C0044,C0045,C0050,C0047,C0048",None,None,"C0035,C0041,C0040,C0039,C0038,C0037,C0036,C0034,C0031,C0032,C0030,C0029,C0033"
202550,19,19,0,6,0,0,13,"C0062,C0060,C0061,C0058,C0057,C0059",None,None,"C0035,C0041,C0040,C0039,C0038,C0037,C0036,C0034,C0031,C0032,C0030,C0029,C0033"
202551,0,13,13,0,0,0,13,None,None,None,"C0035,C0041,C0040,C0039,C0038,C0037,C0036,C0034,C0031,C0032,C0030,C0029,C0033"
202552,0,13,13,0,0,0,13,None,None,None,"C0035,C0041,C0040,C0039,C0038,C0037,C0036,C0034,C0031,C0032,C0030,C0029,C0033"
202601,15,15,0,2,0,0,13,"C0064,C0063",None,None,"C0035,C0041,C0040,C0039,C0038,C0037,C0036,C0034,C0031,C0032,C0030,C0029,C0033"
202602,18,18,0,5,0,0,13,"C0065,C0066,C0067,C0068,C0069",None,None,"C0035,C0041,C0040,C0039,C0038,C0037,C0036,C0034,C0031,C0032,C0030,C0029,C0033"
202603,18,18,0,5,0,0,13,"C0073,C0074,C0071,C0070,C0072",None,None,"C0035,C0041,C0040,C0039,C0038,C0037,C0036,C0034,C0031,C0032,C0030,C0029,C0033"
202604,17,17,0,4,0,0,13,"C0075,C0076,C0077,C0078",None,None,"C0035,C0041,C0040,C0039,C0038,C0037,C0036,C0034,C0031,C0032,C0030,C0029,C0033"
202605,26,26,0,13,0,0,13,"C0090,C0089,C0088,C0087,C0086,C0085,C0082,C0083,C0081,C0080,C0079,C0091,C0084",None,None,"C0035,C0041,C0040,C0039,C0038,C0037,C0036,C0034,C0031,C0032,C0030,C0029,C0033"
202606,16,16,0,3,0,0,13,"C0094,C0093,C0092",None,None,"C0035,C0041,C0040,C0039,C0038,C0037,C0036,C0034,C0031,C0032,C0030,C0029,C0033"
202607,25,25,0,12,0,0,13,"C0106,C0105,C0104,C0102,C0101,C0103,C0099,C0098,C0097,C0096,C0095,C0100",None,None,"C0035,C0041,C0040,C0039,C0038,C0037,C0036,C0034,C0031,C0032,C0030,C0029,C0033"
202608,26,26,0,13,0,0,13,"C0114,C0119,C0118,C0116,C0115,C0113,C0117,C0111,C0110,C0109,C0108,C0107,C0112",None,None,"C0035,C0041,C0040,C0039,C0038,C0037,C0036,C0034,C0031,C0032,C0030,C0029,C0033"
202609,29,29,0,16,0,0,13,"C0135,C0134,C0133,C0132,C0131,C0130,C0129,C0128,C0127,C0125,C0124,C0123,C0122,C0121,C0120,C0126",None,None,"C0035,C0041,C0040,C0039,C0038,C0037,C0036,C0034,C0031,C0032,C0030,C0029,C0033"
202610,23,23,0,10,0,0,13,"C0142,C0145,C0144,C0143,C0141,C0140,C0139,C0138,C0137,C0136",None,None,"C0035,C0041,C0040,C0039,C0038,C0037,C0036,C0034,C0031,C0032,C0030,C0029,C0033"
202611,16,16,0,3,0,0,13,"C0146,C0147,C0148",None,None,"C0035,C0041,C0040,C0039,C0038,C0037,C0036,C0034,C0031,C0032,C0030,C0029,C0033"
202612,24,24,0,11,0,0,13,"C0159,C0158,C0157,C0156,C0155,C0152,C0153,C0151,C0150,C0149,C0154",None,None,"C0035,C0041,C0040,C0039,C0038,C0037,C0036,C0034,C0031,C0032,C0030,C0029,C0033"
202613,0,13,13,0,0,0,13,None,None,None,"C0035,C0041,C0040,C0039,C0038,C0037,C0036,C0034,C0031,C0032,C0030,C0029,C0033"
202614,0,13,13,0,0,0,13,None,None,None,"C0035,C0041,C0040,C0039,C0038,C0037,C0036,C0034,C0031,C0032,C0030,C0029,C0033"
202615,21,21,0,6,0,0,15,"C0165,C0164,C0162,C0161,C0160,C0163",None,None,"C0035,C0041,C0040,C0039,C0038,C0037,C0036,C0034,C0031,C0032,C0030,C0029,C0033,C0166,C0167"
202616,15,15,0,0,0,0,15,None,None,None,"C0035,C0041,C0040,C0039,C0038,C0037,C0036,C0034,C0031,C0032,C0030,C0029,C0033,C0166,C0167"
202617,15,15,0,0,0,0,15,None,None,None,"C0035,C0041,C0040,C0039,C0038,C0037,C0036,C0034,C0031,C0032,C0030,C0029,C0033,C0166,C0167"
202618,16,16,0,1,0,0,15,C0168,None,None,"C0035,C0041,C0040,C0039,C0038,C0037,C0036,C0034,C0031,C0032,C0030,C0029,C0033,C0166,C0167"
202619,18,18,0,3,0,0,15,"C0169,C0170,C0171",None,None,"C0035,C0041,C0040,C0039,C0038,C0037,C0036,C0034,C0031,C0032,C0030,C0029,C0033,C0166,C0167"
202620,18,18,0,3,0,0,15,"C0173,C0172,C0174",None,None,"C0035,C0041,C0040,C0039,C0038,C0037,C0036,C0034,C0031,C0032,C0030,C0029,C0033,C0166,C0167"
202621,23,23,0,8,0,0,15,"C0181,C0180,C0179,C0175,C0177,C0176,C0182,C0178",None,None,"C0035,C0041,C0040,C0039,C0038,C0037,C0036,C0034,C0031,C0032,C0030,C0029,C0033,C0166,C0167"
202622,24,24,0,9,0,0,15,"C0190,C0189,C0191,C0187,C0188,C0186,C0185,C0184,C0183",None,None,"C0035,C0041,C0040,C0039,C0038,C0037,C0036,C0034,C0031,C0032,C0030,C0029,C0033,C0166,C0167"
202623,15,15,0,0,0,0,15,None,None,None,"C0035,C0041,C0040,C0039,C0038,C0037,C0036,C0034,C0031,C0032,C0030,C0029,C0033,C0166,C0167"
202624,23,23,0,8,0,0,15,"C0199,C0198,C0196,C0197,C0194,C0193,C0192,C0195",None,None,"C0035,C0041,C0040,C0039,C0038,C0037,C0036,C0034,C0031,C0032,C0030,C0029,C0033,C0166,C0167"
202625,18,18,0,3,0,0,15,"C0200,C0201,C0202",None,None,"C0035,C0041,C0040,C0039,C0038,C0037,C0036,C0034,C0031,C0032,C0030,C0029,C0033,C0166,C0167"
202626,0,15,15,0,0,0,15,None,None,None,"C0035,C0041,C0040,C0039,C0038,C0037,C0036,C0034,C0031,C0032,C0030,C0029,C0033,C0166,C0167"
202627,26,26,0,10,0,0,16,"C0209,C0212,C0210,C0208,C0211,C0206,C0205,C0207,C0204,C0203",None,None,"C0035,C0041,C0040,C0039,C0038,C0037,C0036,C0034,C0031,C0032,C0030,C0029,C0033,C0166,C0167,C0213"
202628,25,25,0,9,0,0,16,"C0221,C0220,C0219,C0218,C0222,C0216,C0215,C0214,C0217",None,None,"C0035,C0041,C0040,C0039,C0038,C0037,C0036,C0034,C0031,C0032,C0030,C0029,C0033,C0166,C0167,C0213"
202629,26,26,0,10,0,0,16,"C0232,C0231,C0230,C0229,C0228,C0227,C0225,C0224,C0223,C0226",None,None,"C0035,C0041,C0040,C0039,C0038,C0037,C0036,C0034,C0031,C0032,C0030,C0029,C0033,C0166,C0167,C0213"
202630,23,23,0,7,0,0,16,"C0238,C0239,C0237,C0234,C0235,C0236,C0233",None,None,"C0035,C0041,C0040,C0039,C0038,C0037,C0036,C0034,C0031,C0032,C0030,C0029,C0033,C0166,C0167,C0213"
202631,21,21,0,5,0,0,16,"C0240,C0241,C0242,C0243,C0244",None,None,"C0035,C0041,C0040,C0039,C0038,C0037,C0036,C0034,C0031,C0032,C0030,C0029,C0033,C0166,C0167,C0213"
202632,18,18,0,2,0,0,16,"C0246,C0245",None,None,"C0035,C0041,C0040,C0039,C0038,C0037,C0036,C0034,C0031,C0032,C0030,C0029,C0033,C0166,C0167,C0213"
202633,22,22,0,6,0,0,16,"C0247,C0248,C0249,C0250,C0251,C0252",None,None,"C0035,C0041,C0040,C0039,C0038,C0037,C0036,C0034,C0031,C0032,C0030,C0029,C0033,C0166,C0167,C0213"
202634,24,24,0,8,0,0,16,"C0260,C0259,C0257,C0258,C0255,C0254,C0253,C0256",None,None,"C0035,C0041,C0040,C0039,C0038,C0037,C0036,C0034,C0031,C0032,C0030,C0029,C0033,C0166,C0167,C0213"
202635,0,16,16,0,0,0,16,None,None,None,"C0035,C0041,C0040,C0039,C0038,C0037,C0036,C0034,C0031,C0032,C0030,C0029,C0033,C0166,C0167,C0213"
202636,19,19,0,3,0,0,16,"C0261,C0262,C0263",None,None,"C0035,C0041,C0040,C0039,C0038,C0037,C0036,C0034,C0031,C0032,C0030,C0029,C0033,C0166,C0167,C0213"
202637,27,27,0,11,0,0,16,"C0274,C0273,C0272,C0271,C0270,C0268,C0267,C0266,C0265,C0264,C0269",None,None,"C0035,C0041,C0040,C0039,C0038,C0037,C0036,C0034,C0031,C0032,C0030,C0029,C0033,C0166,C0167,C0213"
202638,28,28,0,12,0,0,16,"C0282,C0286,C0285,C0284,C0283,C0281,C0279,C0280,C0278,C0277,C0276,C0275",None,None,"C0035,C0041,C0040,C0039,C0038,C0037,C0036,C0034,C0031,C0032,C0030,C0029,C0033,C0166,C0167,C0213"
202639,15,16,1,0,0,0,16,None,None,None,"C0035,C0041,C0040,C0039,C0038,C0037,C0036,C0034,C0031,C0032,C0030,C0029,C0033,C0166,C0167,C0213"
202640,27,27,0,11,0,0,16,"C0297,C0296,C0295,C0294,C0293,C0292,C0291,C0290,C0289,C0288,C0287",None,None,"C0035,C0041,C0040,C0039,C0038,C0037,C0036,C0034,C0031,C0032,C0030,C0029,C0033,C0166,C0167,C0213"
202641,27,27,0,11,0,0,16,"C0308,C0307,C0306,C0305,C0303,C0304,C0301,C0300,C0299,C0298,C0302",None,None,"C0035,C0041,C0040,C0039,C0038,C0037,C0036,C0034,C0031,C0032,C0030,C0029,C0033,C0166,C0167,C0213"
202642,17,17,0,1,0,0,16,C0309,None,None,"C0035,C0041,C0040,C0039,C0038,C0037,C0036,C0034,C0031,C0032,C0030,C0029,C0033,C0166,C0167,C0213"
202643,26,26,0,10,0,0,16,"C0315,C0319,C0318,C0317,C0316,C0312,C0313,C0311,C0310,C0314",None,None,"C0035,C0041,C0040,C0039,C0038,C0037,C0036,C0034,C0031,C0032,C0030,C0029,C0033,C0166,C0167,C0213"
202644,21,21,0,5,0,0,16,"C0323,C0322,C0324,C0320,C0321",None,None,"C0035,C0041,C0040,C0039,C0038,C0037,C0036,C0034,C0031,C0032,C0030,C0029,C0033,C0166,C0167,C0213"
202645,20,20,0,4,0,0,16,"C0328,C0327,C0326,C0325",None,None,"C0035,C0041,C0040,C0039,C0038,C0037,C0036,C0034,C0031,C0032,C0030,C0029,C0033,C0166,C0167,C0213"
202646,19,19,0,16,0,0,3,"C0344,C0343,C0342,C0341,C0340,C0338,C0337,C0339,C0335,C0334,C0333,C0332,C0331,C0330,C0329,C0336",None,None,"C0166,C0167,C0213"
202647,0,3,3,0,0,0,3,None,None,None,"C0166,C0167,C0213"
202648,17,17,0,8,0,0,9,"C0352,C0347,C0350,C0349,C0348,C0346,C0345,C0351",None,None,"C0166,C0167,C0213,C0353,C0358,C0357,C0356,C0355,C0354"
202649,18,18,0,9,0,0,9,"C0364,C0365,C0363,C0366,C0361,C0360,C0359,C0362,C0367",None,None,"C0166,C0167,C0213,C0353,C0358,C0357,C0356,C0355,C0354"
202650,27,27,0,18,0,0,9,"C0381,C0380,C0382,C0378,C0384,C0385,C0383,C0377,C0379,C0375,C0368,C0369,C0370,C0371,C0376,C0373,C0372,C0374",None,None,"C0166,C0167,C0213,C0353,C0358,C0357,C0356,C0355,C0354"
202651,0,9,9,0,0,0,9,None,None,None,"C0166,C0167,C0213,C0353,C0358,C0357,C0356,C0355,C0354"
202652,0,9,9,0,0,0,9,None,None,None,"C0166,C0167,C0213,C0353,C0358,C0357,C0356,C0355,C0354"
202653,20,20,0,5,0,0,15,"C0390,C0389,C0388,C0387,C0386",None,None,"C0166,C0167,C0213,C0353,C0358,C0357,C0356,C0355,C0354,C0396,C0395,C0394,C0393,C0392,C0391"
202701,15,15,0,0,0,0,15,None,None,None,"C0166,C0167,C0213,C0353,C0358,C0357,C0356,C0355,C0354,C0396,C0395,C0394,C0393,C0392,C0391"
202702,16,16,0,1,0,0,15,C0397,None,None,"C0166,C0167,C0213,C0353,C0358,C0357,C0356,C0355,C0354,C0396,C0395,C0394,C0393,C0392,C0391"
202703,16,16,0,1,0,0,15,C0398,None,None,"C0166,C0167,C0213,C0353,C0358,C0357,C0356,C0355,C0354,C0396,C0395,C0394,C0393,C0392,C0391"
202704,21,21,0,6,0,0,15,"C0403,C0402,C0404,C0400,C0399,C0401",None,None,"C0166,C0167,C0213,C0353,C0358,C0357,C0356,C0355,C0354,C0396,C0395,C0394,C0393,C0392,C0391"
202705,16,16,0,1,0,0,15,C0405,None,None,"C0166,C0167,C0213,C0353,C0358,C0357,C0356,C0355,C0354,C0396,C0395,C0394,C0393,C0392,C0391"
202706,20,20,0,5,0,0,15,"C0406,C0407,C0408,C0409,C0410",None,None,"C0166,C0167,C0213,C0353,C0358,C0357,C0356,C0355,C0354,C0396,C0395,C0394,C0393,C0392,C0391"
202707,28,28,0,13,0,0,15,"C0423,C0422,C0421,C0420,C0419,C0418,C0413,C0416,C0415,C0414,C0412,C0411,C0417",None,None,"C0166,C0167,C0213,C0353,C0358,C0357,C0356,C0355,C0354,C0396,C0395,C0394,C0393,C0392,C0391"
202708,20,20,0,5,0,0,15,"C0428,C0427,C0425,C0426,C0424",None,None,"C0166,C0167,C0213,C0353,C0358,C0357,C0356,C0355,C0354,C0396,C0395,C0394,C0393,C0392,C0391"
202709,24,24,0,9,0,0,15,"C0436,C0435,C0434,C0433,C0437,C0431,C0430,C0429,C0432",None,None,"C0166,C0167,C0213,C0353,C0358,C0357,C0356,C0355,C0354,C0396,C0395,C0394,C0393,C0392,C0391"
202710,19,19,0,4,0,0,15,"C0438,C0439,C0440,C0441",None,None,"C0166,C0167,C0213,C0353,C0358,C0357,C0356,C0355,C0354,C0396,C0395,C0394,C0393,C0392,C0391"
202711,27,27,0,12,0,0,15,"C0449,C0453,C0452,C0451,C0450,C0447,C0446,C0445,C0444,C0443,C0442,C0448",None,None,"C0166,C0167,C0213,C0353,C0358,C0357,C0356,C0355,C0354,C0396,C0395,C0394,C0393,C0392,C0391"
202712,15,15,0,0,0,0,15,None,None,None,"C0166,C0167,C0213,C0353,C0358,C0357,C0356,C0355,C0354,C0396,C0395,C0394,C0393,C0392,C0391"
202713,0,15,15,0,0,0,15,None,None,None,"C0166,C0167,C0213,C0353,C0358,C0357,C0356,C0355,C0354,C0396,C0395,C0394,C0393,C0392,C0391"
202714,0,13,13,0,0,0,13,None,None,None,"C0213,C0353,C0358,C0357,C0356,C0355,C0354,C0396,C0395,C0394,C0393,C0392,C0391"
202715,26,26,0,10,0,3,13,"C0463,C0462,C0461,C0460,C0457,C0458,C0456,C0455,C0454,C0459",None,"C0465,C0464,C0466","C0213,C0353,C0358,C0357,C0356,C0355,C0354,C0396,C0395,C0394,C0393,C0392,C0391"
202716,22,22,0,6,0,3,13,"C0472,C0470,C0471,C0468,C0469,C0467",None,"C0465,C0464,C0466","C0213,C0353,C0358,C0357,C0356,C0355,C0354,C0396,C0395,C0394,C0393,C0392,C0391"
202717,23,23,0,7,0,3,13,"C0479,C0478,C0477,C0474,C0475,C0476,C0473",None,"C0465,C0464,C0466","C0213,C0353,C0358,C0357,C0356,C0355,C0354,C0396,C0395,C0394,C0393,C0392,C0391"
202718,16,16,0,0,0,3,13,None,None,"C0465,C0464,C0466","C0213,C0353,C0358,C0357,C0356,C0355,C0354,C0396,C0395,C0394,C0393,C0392,C0391"
202719,29,29,0,13,0,3,13,"C0492,C0491,C0490,C0489,C0488,C0487,C0485,C0484,C0483,C0482,C0481,C0480,C0486",None,"C0465,C0464,C0466","C0213,C0353,C0358,C0357,C0356,C0355,C0354,C0396,C0395,C0394,C0393,C0392,C0391"
202720,21,21,0,5,0,3,13,"C0497,C0496,C0494,C0493,C0495",None,"C0465,C0464,C0466","C0213,C0353,C0358,C0357,C0356,C0355,C0354,C0396,C0395,C0394,C0393,C0392,C0391"
202721,16,16,0,0,0,3,13,None,None,"C0465,C0464,C0466","C0213,C0353,C0358,C0357,C0356,C0355,C0354,C0396,C0395,C0394,C0393,C0392,C0391"
202722,23,23,0,7,0,3,13,"C0504,C0498,C0499,C0500,C0501,C0502,C0503",None,"C0465,C0464,C0466","C0213,C0353,C0358,C0357,C0356,C0355,C0354,C0396,C0395,C0394,C0393,C0392,C0391"
202723,19,19,0,3,0,3,13,"C0505,C0506,C0507",None,"C0465,C0464,C0466","C0213,C0353,C0358,C0357,C0356,C0355,C0354,C0396,C0395,C0394,C0393,C0392,C0391"
202724,28,28,0,12,0,3,13,"C0516,C0515,C0519,C0517,C0514,C0518,C0512,C0511,C0510,C0509,C0513,C0508",None,"C0465,C0464,C0466","C0213,C0353,C0358,C0357,C0356,C0355,C0354,C0396,C0395,C0394,C0393,C0392,C0391"
202725,25,25,0,9,0,3,13,"C0528,C0527,C0526,C0525,C0521,C0523,C0520,C0524,C0522",None,"C0465,C0464,C0466","C0213,C0353,C0358,C0357,C0356,C0355,C0354,C0396,C0395,C0394,C0393,C0392,C0391"
202726,0,15,15,0,0,3,12,None,None,"C0465,C0464,C0466","C0353,C0358,C0357,C0356,C0355,C0354,C0396,C0395,C0394,C0393,C0392,C0391"
202727,24,24,0,9,0,3,12,"C0529,C0530,C0531,C0532,C0533,C0535,C0536,C0537,C0534",None,"C0465,C0464,C0466","C0353,C0358,C0357,C0356,C0355,C0354,C0396,C0395,C0394,C0393,C0392,C0391"
202728,29,29,0,14,0,3,12,"C0546,C0550,C0549,C0548,C0547,C0551,C0545,C0543,C0544,C0538,C0539,C0540,C0541,C0542",None,"C0465,C0464,C0466","C0353,C0358,C0357,C0356,C0355,C0354,C0396,C0395,C0394,C0393,C0392,C0391"
202729,28,28,0,13,0,3,12,"C0564,C0563,C0562,C0561,C0560,C0559,C0558,C0557,C0556,C0554,C0553,C0552,C0555",None,"C0465,C0464,C0466","C0353,C0358,C0357,C0356,C0355,C0354,C0396,C0395,C0394,C0393,C0392,C0391"
202730,20,20,0,5,0,3,12,"C0569,C0568,C0567,C0565,C0566",None,"C0465,C0464,C0466","C0353,C0358,C0357,C0356,C0355,C0354,C0396,C0395,C0394,C0393,C0392,C0391"
202731,24,24,0,9,0,3,12,"C0570,C0571,C0572,C0573,C0574,C0575,C0576,C0577,C0578",None,"C0465,C0464,C0466","C0353,C0358,C0357,C0356,C0355,C0354,C0396,C0395,C0394,C0393,C0392,C0391"
202732,18,18,0,3,0,3,12,"C0581,C0580,C0579",None,"C0465,C0464,C0466","C0353,C0358,C0357,C0356,C0355,C0354,C0396,C0395,C0394,C0393,C0392,C0391"
202733,26,26,0,11,0,3,12,"C0582,C0583,C0584,C0585,C0586,C0587,C0588,C0589,C0590,C0591,C0592",None,"C0465,C0464,C0466","C0353,C0358,C0357,C0356,C0355,C0354,C0396,C0395,C0394,C0393,C0392,C0391"
202734,16,16,0,1,0,3,12,C0593,None,"C0465,C0464,C0466","C0353,C0358,C0357,C0356,C0355,C0354,C0396,C0395,C0394,C0393,C0392,C0391"
202735,0,15,15,0,0,3,12,None,None,"C0465,C0464,C0466","C0353,C0358,C0357,C0356,C0355,C0354,C0396,C0395,C0394,C0393,C0392,C0391"
202736,15,15,0,0,0,3,12,None,None,"C0465,C0464,C0466","C0353,C0358,C0357,C0356,C0355,C0354,C0396,C0395,C0394,C0393,C0392,C0391"
202737,25,25,0,7,0,3,15,"C0594,C0595,C0596,C0597,C0598,C0599,C0600",None,"C0465,C0464,C0466","C0353,C0358,C0357,C0356,C0355,C0354,C0396,C0395,C0394,C0393,C0392,C0391,C0601,C0602,C0603"
202738,18,18,0,0,0,3,15,None,None,"C0465,C0464,C0466","C0353,C0358,C0357,C0356,C0355,C0354,C0396,C0395,C0394,C0393,C0392,C0391,C0601,C0602,C0603"
202739,27,27,0,8,0,3,16,"C0611,C0610,C0609,C0606,C0607,C0605,C0604,C0608",None,"C0465,C0464,C0466","C0353,C0358,C0357,C0356,C0355,C0354,C0396,C0395,C0394,C0393,C0392,C0391,C0601,C0602,C0603,C0612"
202740,19,19,0,0,0,3,16,None,None,"C0465,C0464,C0466","C0353,C0358,C0357,C0356,C0355,C0354,C0396,C0395,C0394,C0393,C0392,C0391,C0601,C0602,C0603,C0612"
202741,16,16,0,0,0,0,16,None,None,None,"C0353,C0358,C0357,C0356,C0355,C0354,C0396,C0395,C0394,C0393,C0392,C0391,C0601,C0602,C0603,C0612"
202742,28,28,0,12,0,0,16,"C0620,C0624,C0623,C0622,C0621,C0619,C0617,C0616,C0615,C0614,C0613,C0618",None,None,"C0353,C0358,C0357,C0356,C0355,C0354,C0396,C0395,C0394,C0393,C0392,C0391,C0601,C0602,C0603,C0612"
202743,18,18,0,2,0,0,16,"C0625,C0626",None,None,"C0353,C0358,C0357,C0356,C0355,C0354,C0396,C0395,C0394,C0393,C0392,C0391,C0601,C0602,C0603,C0612"
202744,28,28,0,12,0,0,16,"C0630,C0636,C0635,C0634,C0633,C0629,C0631,C0637,C0628,C0627,C0632,C0638",None,None,"C0353,C0358,C0357,C0356,C0355,C0354,C0396,C0395,C0394,C0393,C0392,C0391,C0601,C0602,C0603,C0612"
202745,16,16,0,0,0,0,16,None,None,None,"C0353,C0358,C0357,C0356,C0355,C0354,C0396,C0395,C0394,C0393,C0392,C0391,C0601,C0602,C0603,C0612"
202746,21,21,0,5,0,0,16,"C0643,C0642,C0641,C0640,C0639",None,None,"C0353,C0358,C0357,C0356,C0355,C0354,C0396,C0395,C0394,C0393,C0392,C0391,C0601,C0602,C0603,C0612"
202747,0,19,19,0,0,0,19,None,None,None,"C0396,C0395,C0394,C0393,C0392,C0391,C0601,C0602,C0603,C0612,C0651,C0650,C0649,C0648,C0652,C0646,C0645,C0644,C0647"
202748,19,19,0,0,0,0,19,None,None,None,"C0396,C0395,C0394,C0393,C0392,C0391,C0601,C0602,C0603,C0612,C0651,C0650,C0649,C0648,C0652,C0646,C0645,C0644,C0647"
202749,22,22,0,3,0,0,19,"C0653,C0654,C0655",None,None,"C0396,C0395,C0394,C0393,C0392,C0391,C0601,C0602,C0603,C0612,C0651,C0650,C0649,C0648,C0652,C0646,C0645,C0644,C0647"
202750,25,25,0,4,0,0,21,"C0656,C0657,C0658,C0659",None,None,"C0396,C0395,C0394,C0393,C0392,C0391,C0601,C0602,C0603,C0612,C0651,C0650,C0649,C0648,C0652,C0646,C0645,C0644,C0647,C0660,C0661"
202751,0,21,21,0,0,0,21,None,None,None,"C0396,C0395,C0394,C0393,C0392,C0391,C0601,C0602,C0603,C0612,C0651,C0650,C0649,C0648,C0652,C0646,C0645,C0644,C0647,C0660,C0661"
202752,0,15,15,0,0,0,15,None,None,None,"C0601,C0602,C0603,C0612,C0651,C0650,C0649,C0648,C0652,C0646,C0645,C0644,C0647,C0660,C0661"
202801,15,15,0,0,0,0,15,None,None,None,"C0601,C0602,C0603,C0612,C0651,C0650,C0649,C0648,C0652,C0646,C0645,C0644,C0647,C0660,C0661"
202802,28,28,0,13,0,0,15,"C0671,C0672,C0670,C0674,C0673,C0669,C0662,C0667,C0663,C0664,C0668,C0666,C0665",None,None,"C0601,C0602,C0603,C0612,C0651,C0650,C0649,C0648,C0652,C0646,C0645,C0644,C0647,C0660,C0661"
202803,20,20,0,5,0,0,15,"C0675,C0676,C0677,C0678,C0679",None,None,"C0601,C0602,C0603,C0612,C0651,C0650,C0649,C0648,C0652,C0646,C0645,C0644,C0647,C0660,C0661"
202804,17,17,0,2,0,0,15,"C0680,C0681",None,None,"C0601,C0602,C0603,C0612,C0651,C0650,C0649,C0648,C0652,C0646,C0645,C0644,C0647,C0660,C0661"
202805,20,20,0,5,0,0,15,"C0682,C0683,C0684,C0685,C0686",None,None,"C0601,C0602,C0603,C0612,C0651,C0650,C0649,C0648,C0652,C0646,C0645,C0644,C0647,C0660,C0661"
202806,20,20,0,5,0,0,15,"C0690,C0689,C0691,C0687,C0688",None,None,"C0601,C0602,C0603,C0612,C0651,C0650,C0649,C0648,C0652,C0646,C0645,C0644,C0647,C0660,C0661"
202807,18,18,0,3,0,0,15,"C0694,C0693,C0692",None,None,"C0601,C0602,C0603,C0612,C0651,C0650,C0649,C0648,C0652,C0646,C0645,C0644,C0647,C0660,C0661"
202808,25,25,0,10,0,0,15,"C0704,C0702,C0700,C0699,C0703,C0697,C0696,C0695,C0698,C0701",None,None,"C0601,C0602,C0603,C0612,C0651,C0650,C0649,C0648,C0652,C0646,C0645,C0644,C0647,C0660,C0661"
202809,19,19,0,4,0,0,15,"C0705,C0706,C0707,C0708",None,None,"C0601,C0602,C0603,C0612,C0651,C0650,C0649,C0648,C0652,C0646,C0645,C0644,C0647,C0660,C0661"
202810,26,26,0,11,0,0,15,"C0715,C0719,C0718,C0717,C0716,C0713,C0712,C0711,C0710,C0709,C0714",None,None,"C0601,C0602,C0603,C0612,C0651,C0650,C0649,C0648,C0652,C0646,C0645,C0644,C0647,C0660,C0661"
202811,29,29,0,14,0,0,15,"C0733,C0732,C0731,C0730,C0729,C0728,C0727,C0726,C0725,C0724,C0723,C0722,C0721,C0720",None,None,"C0601,C0602,C0603,C0612,C0651,C0650,C0649,C0648,C0652,C0646,C0645,C0644,C0647,C0660,C0661"
202812,25,25,0,10,0,0,15,"C0742,C0741,C0743,C0740,C0739,C0736,C0737,C0735,C0734,C0738",None,None,"C0601,C0602,C0603,C0612,C0651,C0650,C0649,C0648,C0652,C0646,C0645,C0644,C0647,C0660,C0661"
202813,0,15,15,0,0,0,15,None,None,None,"C0601,C0602,C0603,C0612,C0651,C0650,C0649,C0648,C0652,C0646,C0645,C0644,C0647,C0660,C0661"
202814,0,15,15,0,0,0,15,None,None,None,"C0601,C0602,C0603,C0612,C0651,C0650,C0649,C0648,C0652,C0646,C0645,C0644,C0647,C0660,C0661"
202815,25,25,0,10,0,0,15,"C0753,C0752,C0751,C0750,C0749,C0748,C0746,C0745,C0744,C0747",None,None,"C0601,C0602,C0603,C0612,C0651,C0650,C0649,C0648,C0652,C0646,C0645,C0644,C0647,C0660,C0661"
202816,16,16,0,0,0,1,15,None,None,C0754,"C0601,C0602,C0603,C0612,C0651,C0650,C0649,C0648,C0652,C0646,C0645,C0644,C0647,C0660,C0661"
202817,24,24,0,8,0,1,15,"C0761,C0762,C0760,C0759,C0758,C0757,C0756,C0755",None,C0754,"C0601,C0602,C0603,C0612,C0651,C0650,C0649,C0648,C0652,C0646,C0645,C0644,C0647,C0660,C0661"
202818,25,25,0,9,0,1,15,"C0771,C0769,C0768,C0767,C0770,C0765,C0764,C0763,C0766",None,C0754,"C0601,C0602,C0603,C0612,C0651,C0650,C0649,C0648,C0652,C0646,C0645,C0644,C0647,C0660,C0661"
202819,17,17,0,0,0,2,15,None,None,"C0754,C0772","C0601,C0602,C0603,C0612,C0651,C0650,C0649,C0648,C0652,C0646,C0645,C0644,C0647,C0660,C0661"
202820,23,23,0,6,0,2,15,"C0773,C0774,C0775,C0776,C0777,C0778",None,"C0754,C0772","C0601,C0602,C0603,C0612,C0651,C0650,C0649,C0648,C0652,C0646,C0645,C0644,C0647,C0660,C0661"
202821,26,26,0,9,0,2,15,"C0785,C0787,C0786,C0784,C0782,C0781,C0780,C0779,C0783",None,"C0754,C0772","C0601,C0602,C0603,C0612,C0651,C0650,C0649,C0648,C0652,C0646,C0645,C0644,C0647,C0660,C0661"
202822,18,18,0,1,0,2,15,C0788,None,"C0754,C0772","C0601,C0602,C0603,C0612,C0651,C0650,C0649,C0648,C0652,C0646,C0645,C0644,C0647,C0660,C0661"
202823,17,17,0,0,0,2,15,None,None,"C0754,C0772","C0601,C0602,C0603,C0612,C0651,C0650,C0649,C0648,C0652,C0646,C0645,C0644,C0647,C0660,C0661"
202824,22,22,0,5,0,2,15,"C0792,C0789,C0790,C0791,C0793",None,"C0754,C0772","C0601,C0602,C0603,C0612,C0651,C0650,C0649,C0648,C0652,C0646,C0645,C0644,C0647,C0660,C0661"
202825,21,21,0,4,0,2,15,"C0797,C0796,C0794,C0795",None,"C0754,C0772","C0601,C0602,C0603,C0612,C0651,C0650,C0649,C0648,C0652,C0646,C0645,C0644,C0647,C0660,C0661"
202826,0,17,17,0,0,2,15,None,None,"C0754,C0772","C0601,C0602,C0603,C0612,C0651,C0650,C0649,C0648,C0652,C0646,C0645,C0644,C0647,C0660,C0661"
202827,19,19,0,2,0,2,15,"C0798,C0799",None,"C0754,C0772","C0601,C0602,C0603,C0612,C0651,C0650,C0649,C0648,C0652,C0646,C0645,C0644,C0647,C0660,C0661"
202828,29,29,0,12,0,2,15,"C0808,C0809,C0807,C0811,C0810,C0806,C0803,C0804,C0805,C0802,C0801,C0800",None,"C0754,C0772","C0601,C0602,C0603,C0612,C0651,C0650,C0649,C0648,C0652,C0646,C0645,C0644,C0647,C0660,C0661"
202829,25,25,0,8,0,2,15,"C0819,C0818,C0817,C0816,C0815,C0814,C0813,C0812",None,"C0754,C0772","C0601,C0602,C0603,C0612,C0651,C0650,C0649,C0648,C0652,C0646,C0645,C0644,C0647,C0660,C0661"
202830,26,26,0,9,0,2,15,"C0828,C0826,C0825,C0824,C0827,C0822,C0821,C0820,C0823",None,"C0754,C0772","C0601,C0602,C0603,C0612,C0651,C0650,C0649,C0648,C0652,C0646,C0645,C0644,C0647,C0660,C0661"
202831,23,23,0,6,0,2,15,"C0829,C0830,C0831,C0832,C0833,C0834",None,"C0754,C0772","C0601,C0602,C0603,C0612,C0651,C0650,C0649,C0648,C0652,C0646,C0645,C0644,C0647,C0660,C0661"
202832,18,18,0,0,0,2,16,None,None,"C0754,C0772","C0601,C0602,C0603,C0612,C0651,C0650,C0649,C0648,C0652,C0646,C0645,C0644,C0647,C0660,C0661,C0835"
202833,25,25,0,7,0,2,16,"C0842,C0841,C0840,C0836,C0838,C0837,C0839",None,"C0754,C0772","C0601,C0602,C0603,C0612,C0651,C0650,C0649,C0648,C0652,C0646,C0645,C0644,C0647,C0660,C0661,C0835"
202834,20,20,0,2,0,2,16,"C0843,C0844",None,"C0754,C0772","C0601,C0602,C0603,C0612,C0651,C0650,C0649,C0648,C0652,C0646,C0645,C0644,C0647,C0660,C0661,C0835"
202835,0,18,18,0,0,2,16,None,None,"C0754,C0772","C0601,C0602,C0603,C0612,C0651,C0650,C0649,C0648,C0652,C0646,C0645,C0644,C0647,C0660,C0661,C0835"
202836,28,28,0,10,0,2,16,"C0851,C0854,C0852,C0850,C0853,C0848,C0847,C0846,C0849,C0845",None,"C0754,C0772","C0601,C0602,C0603,C0612,C0651,C0650,C0649,C0648,C0652,C0646,C0645,C0644,C0647,C0660,C0661,C0835"
202837,27,27,0,12,0,2,13,"C0866,C0865,C0864,C0863,C0862,C0861,C0860,C0859,C0858,C0857,C0856,C0855",None,"C0754,C0772","C0612,C0651,C0650,C0649,C0648,C0652,C0646,C0645,C0644,C0647,C0660,C0661,C0835"
202838,27,27,0,12,0,2,13,"C0877,C0876,C0878,C0874,C0873,C0875,C0871,C0870,C0869,C0868,C0867,C0872",None,"C0754,C0772","C0612,C0651,C0650,C0649,C0648,C0652,C0646,C0645,C0644,C0647,C0660,C0661,C0835"
202839,15,15,0,0,0,2,13,None,None,"C0754,C0772","C0651,C0650,C0649,C0648,C0652,C0646,C0645,C0644,C0647,C0660,C0661,C0835,C0879"
202840,18,18,0,2,0,2,14,"C0880,C0881",None,"C0754,C0772","C0651,C0650,C0649,C0648,C0652,C0646,C0645,C0644,C0647,C0660,C0661,C0835,C0879,C0882"
202841,28,28,0,12,0,2,14,"C0894,C0893,C0892,C0891,C0890,C0889,C0886,C0887,C0885,C0884,C0883,C0888",None,"C0754,C0772","C0651,C0650,C0649,C0648,C0652,C0646,C0645,C0644,C0647,C0660,C0661,C0835,C0879,C0882"
202842,15,15,0,0,0,1,14,None,None,C0772,"C0651,C0650,C0649,C0648,C0652,C0646,C0645,C0644,C0647,C0660,C0661,C0835,C0879,C0882"
202843,27,27,0,7,0,1,19,"C0901,C0899,C0898,C0897,C0896,C0895,C0900",None,C0772,"C0651,C0650,C0649,C0648,C0652,C0646,C0645,C0644,C0647,C0660,C0661,C0835,C0879,C0882,C0906,C0905,C0904,C0903,C0902"
202844,20,20,0,0,0,1,19,None,None,C0772,"C0651,C0650,C0649,C0648,C0652,C0646,C0645,C0644,C0647,C0660,C0661,C0835,C0879,C0882,C0906,C0905,C0904,C0903,C0902"
202845,21,21,0,2,0,0,19,"C0907,C0908",None,None,"C0651,C0650,C0649,C0648,C0652,C0646,C0645,C0644,C0647,C0660,C0661,C0835,C0879,C0882,C0906,C0905,C0904,C0903,C0902"
202846,19,19,0,0,0,0,19,None,None,None,"C0651,C0650,C0649,C0648,C0652,C0646,C0645,C0644,C0647,C0660,C0661,C0835,C0879,C0882,C0906,C0905,C0904,C0903,C0902"
202847,0,10,10,0,0,0,10,None,None,None,"C0660,C0661,C0835,C0879,C0882,C0906,C0905,C0904,C0903,C0902"
202848,16,16,0,0,0,0,16,None,None,None,"C0660,C0661,C0835,C0879,C0882,C0906,C0905,C0904,C0903,C0902,C0914,C0913,C0912,C0910,C0909,C0911"
202849,18,18,0,2,0,0,16,"C0915,C0916",None,None,"C0660,C0661,C0835,C0879,C0882,C0906,C0905,C0904,C0903,C0902,C0914,C0913,C0912,C0910,C0909,C0911"
202850,29,29,0,15,0,0,14,"C0931,C0930,C0929,C0928,C0927,C0926,C0924,C0925,C0922,C0921,C0920,C0919,C0918,C0917,C0923",None,None,"C0835,C0879,C0882,C0906,C0905,C0904,C0903,C0902,C0914,C0913,C0912,C0910,C0909,C0911"
202851,0,14,14,0,0,0,14,None,None,None,"C0835,C0879,C0882,C0906,C0905,C0904,C0903,C0902,C0914,C0913,C0912,C0910,C0909,C0911"
202852,0,14,14,0,0,0,14,None,None,None,"C0835,C0879,C0882,C0906,C0905,C0904,C0903,C0902,C0914,C0913,C0912,C0910,C0909,C0911"
202901,15,15,0,0,0,0,15,None,None,None,"C0835,C0879,C0882,C0906,C0905,C0904,C0903,C0902,C0914,C0913,C0912,C0910,C0909,C0911,C0932"
202902,24,24,0,9,0,0,15,"C0941,C0940,C0939,C0938,C0936,C0935,C0934,C0933,C0937",None,None,"C0835,C0879,C0882,C0906,C0905,C0904,C0903,C0902,C0914,C0913,C0912,C0910,C0909,C0911,C0932"
202903,29,29,0,14,0,0,15,"C0950,C0955,C0954,C0953,C0952,C0951,C0949,C0948,C0947,C0946,C0945,C0944,C0943,C0942",None,None,"C0835,C0879,C0882,C0906,C0905,C0904,C0903,C0902,C0914,C0913,C0912,C0910,C0909,C0911,C0932"
202904,26,26,0,11,0,0,15,"C0966,C0965,C0964,C0963,C0962,C0959,C0960,C0958,C0957,C0956,C0961",None,None,"C0835,C0879,C0882,C0906,C0905,C0904,C0903,C0902,C0914,C0913,C0912,C0910,C0909,C0911,C0932"
202905,20,20,0,5,0,0,15,"C0970,C0969,C0971,C0967,C0968",None,None,"C0835,C0879,C0882,C0906,C0905,C0904,C0903,C0902,C0914,C0913,C0912,C0910,C0909,C0911,C0932"
202906,18,18,0,3,0,0,15,"C0972,C0973,C0974",None,None,"C0835,C0879,C0882,C0906,C0905,C0904,C0903,C0902,C0914,C0913,C0912,C0910,C0909,C0911,C0932"
202907,25,25,0,10,0,0,15,"C0984,C0983,C0982,C0980,C0981,C0978,C0977,C0976,C0975,C0979",None,None,"C0835,C0879,C0882,C0906,C0905,C0904,C0903,C0902,C0914,C0913,C0912,C0910,C0909,C0911,C0932"
202908,22,22,0,7,0,0,15,"C0985,C0986,C0987,C0988,C0989,C0990,C0991",None,None,"C0835,C0879,C0882,C0906,C0905,C0904,C0903,C0902,C0914,C0913,C0912,C0910,C0909,C0911,C0932"
202909,21,21,0,6,0,0,15,"C0997,C0995,C0996,C0993,C0992,C0994",None,None,"C0835,C0879,C0882,C0906,C0905,C0904,C0903,C0902,C0914,C0913,C0912,C0910,C0909,C0911,C0932"
202910,29,29,0,14,0,0,15,"C0998,C1011,C1010,C1009,C1007,C1005,C1008,C1003,C1002,C1001,C1000,C0999,C1004,C1006",None,None,"C0835,C0879,C0882,C0906,C0905,C0904,C0903,C0902,C0914,C0913,C0912,C0910,C0909,C0911,C0932"
202911,29,29,0,14,0,0,15,"C1019,C1025,C1024,C1023,C1022,C1021,C1020,C1018,C1016,C1015,C1014,C1013,C1012,C1017",None,None,"C0835,C0879,C0882,C0906,C0905,C0904,C0903,C0902,C0914,C0913,C0912,C0910,C0909,C0911,C0932"
202912,25,25,0,10,0,0,15,"C1035,C1034,C1033,C1032,C1031,C1029,C1028,C1027,C1026,C1030",None,None,"C0835,C0879,C0882,C0906,C0905,C0904,C0903,C0902,C0914,C0913,C0912,C0910,C0909,C0911,C0932"
202913,0,15,15,0,0,0,15,None,None,None,"C0835,C0879,C0882,C0906,C0905,C0904,C0903,C0902,C0914,C0913,C0912,C0910,C0909,C0911,C0932"
202914,0,15,15,0,0,0,15,None,None,None,"C0835,C0879,C0882,C0906,C0905,C0904,C0903,C0902,C0914,C0913,C0912,C0910,C0909,C0911,C0932"
202915,22,22,0,7,0,0,15,"C1041,C1036,C1037,C1038,C1039,C1040,C1042",None,None,"C0835,C0879,C0882,C0906,C0905,C0904,C0903,C0902,C0914,C0913,C0912,C0910,C0909,C0911,C0932"
202916,17,17,0,0,0,2,15,None,None,"C1044,C1043","C0835,C0879,C0882,C0906,C0905,C0904,C0903,C0902,C0914,C0913,C0912,C0910,C0909,C0911,C0932"
202917,19,19,0,2,0,2,15,"C1045,C1046",None,"C1044,C1043","C0835,C0879,C0882,C0906,C0905,C0904,C0903,C0902,C0914,C0913,C0912,C0910,C0909,C0911,C0932"
202918,17,17,0,0,0,2,15,None,None,"C1044,C1043","C0835,C0879,C0882,C0906,C0905,C0904,C0903,C0902,C0914,C0913,C0912,C0910,C0909,C0911,C0932"
202919,18,18,0,1,0,2,15,C1047,None,"C1044,C1043","C0835,C0879,C0882,C0906,C0905,C0904,C0903,C0902,C0914,C0913,C0912,C0910,C0909,C0911,C0932"
202920,26,26,0,9,0,2,15,"C1055,C1054,C1052,C1056,C1050,C1049,C1048,C1051,C1053",None,"C1044,C1043","C0835,C0879,C0882,C0906,C0905,C0904,C0903,C0902,C0914,C0913,C0912,C0910,C0909,C0911,C0932"
202921,23,23,0,6,0,2,15,"C1062,C1057,C1058,C1059,C1060,C1061",None,"C1044,C1043","C0835,C0879,C0882,C0906,C0905,C0904,C0903,C0902,C0914,C0913,C0912,C0910,C0909,C0911,C0932"
202922,23,23,0,6,0,2,15,"C1066,C1065,C1063,C1067,C1064,C1068",None,"C1044,C1043","C0835,C0879,C0882,C0906,C0905,C0904,C0903,C0902,C0914,C0913,C0912,C0910,C0909,C0911,C0932"
202923,19,19,0,2,0,2,15,"C1070,C1069",None,"C1044,C1043","C0835,C0879,C0882,C0906,C0905,C0904,C0903,C0902,C0914,C0913,C0912,C0910,C0909,C0911,C0932"
202924,26,26,0,9,0,2,15,"C1078,C1071,C1072,C1073,C1074,C1075,C1076,C1077,C1079",None,"C1044,C1043","C0835,C0879,C0882,C0906,C0905,C0904,C0903,C0902,C0914,C0913,C0912,C0910,C0909,C0911,C0932"
202925,24,24,0,7,0,2,15,"C1085,C1084,C1083,C1086,C1081,C1080,C1082",None,"C1044,C1043","C0835,C0879,C0882,C0906,C0905,C0904,C0903,C0902,C0914,C0913,C0912,C0910,C0909,C0911,C0932"
202926,0,17,17,0,0,2,15,None,None,"C1044,C1043","C0835,C0879,C0882,C0906,C0905,C0904,C0903,C0902,C0914,C0913,C0912,C0910,C0909,C0911,C0932"
202927,21,21,0,4,0,2,15,"C1090,C1089,C1087,C1088",None,"C1044,C1043","C0835,C0879,C0882,C0906,C0905,C0904,C0903,C0902,C0914,C0913,C0912,C0910,C0909,C0911,C0932"
202928,29,29,0,12,0,2,15,"C1102,C1098,C1101,C1100,C1099,C1097,C1091,C1095,C1094,C1093,C1092,C1096",None,"C1044,C1043","C0835,C0879,C0882,C0906,C0905,C0904,C0903,C0902,C0914,C0913,C0912,C0910,C0909,C0911,C0932"
202929,24,24,0,7,0,2,15,"C1109,C1108,C1107,C1106,C1105,C1104,C1103",None,"C1044,C1043","C0835,C0879,C0882,C0906,C0905,C0904,C0903,C0902,C0914,C0913,C0912,C0910,C0909,C0911,C0932"
202930,21,21,0,4,0,2,15,"C1110,C1111,C1112,C1113",None,"C1044,C1043","C0835,C0879,C0882,C0906,C0905,C0904,C0903,C0902,C0914,C0913,C0912,C0910,C0909,C0911,C0932"
202931,20,20,0,3,0,2,15,"C1115,C1116,C1114",None,"C1044,C1043","C0835,C0879,C0882,C0906,C0905,C0904,C0903,C0902,C0914,C0913,C0912,C0910,C0909,C0911,C0932"
202932,18,18,0,2,0,2,14,"C1117,C1118",None,"C1044,C1043","C0879,C0882,C0906,C0905,C0904,C0903,C0902,C0914,C0913,C0912,C0910,C0909,C0911,C0932"
202933,17,17,0,1,0,2,14,C1119,None,"C1044,C1043","C0879,C0882,C0906,C0905,C0904,C0903,C0902,C0914,C0913,C0912,C0910,C0909,C0911,C0932"
202934,23,23,0,7,0,2,14,"C1125,C1126,C1123,C1124,C1121,C1120,C1122",None,"C1044,C1043","C0879,C0882,C0906,C0905,C0904,C0903,C0902,C0914,C0913,C0912,C0910,C0909,C0911,C0932"
202935,0,16,16,0,0,2,14,None,None,"C1044,C1043","C0879,C0882,C0906,C0905,C0904,C0903,C0902,C0914,C0913,C0912,C0910,C0909,C0911,C0932"
202936,22,22,0,6,0,2,14,"C1131,C1127,C1128,C1129,C1130,C1132",None,"C1044,C1043","C0879,C0882,C0906,C0905,C0904,C0903,C0902,C0914,C0913,C0912,C0910,C0909,C0911,C0932"
202937,16,16,0,0,0,2,14,None,None,"C1044,C1043","C0879,C0882,C0906,C0905,C0904,C0903,C0902,C0914,C0913,C0912,C0910,C0909,C0911,C0932"
202938,27,27,0,11,0,2,14,"C1140,C1141,C1139,C1143,C1142,C1138,C1134,C1136,C1135,C1137,C1133",None,"C1044,C1043","C0879,C0882,C0906,C0905,C0904,C0903,C0902,C0914,C0913,C0912,C0910,C0909,C0911,C0932"
202939,15,15,0,0,0,2,13,None,None,"C1044,C1043","C0882,C0906,C0905,C0904,C0903,C0902,C0914,C0913,C0912,C0910,C0909,C0911,C0932"
202940,28,28,0,14,0,2,12,"C1157,C1156,C1155,C1154,C1153,C1152,C1151,C1150,C1149,C1148,C1147,C1146,C1145,C1144",None,"C1044,C1043","C0906,C0905,C0904,C0903,C0902,C0914,C0913,C0912,C0910,C0909,C0911,C0932"
202941,16,16,0,2,0,2,12,"C1158,C1159",None,"C1044,C1043","C0906,C0905,C0904,C0903,C0902,C0914,C0913,C0912,C0910,C0909,C0911,C0932"
202942,17,17,0,0,0,0,17,None,None,None,"C0906,C0905,C0904,C0903,C0902,C0914,C0913,C0912,C0910,C0909,C0911,C0932,C1164,C1162,C1163,C1160,C1161"
202943,25,25,0,13,0,0,12,"C1175,C1177,C1176,C1174,C1172,C1171,C1173,C1169,C1168,C1167,C1166,C1165,C1170",None,None,"C0914,C0913,C0912,C0910,C0909,C0911,C0932,C1164,C1162,C1163,C1160,C1161"
202944,17,17,0,0,0,0,17,None,None,None,"C0914,C0913,C0912,C0910,C0909,C0911,C0932,C1164,C1162,C1163,C1160,C1161,C1182,C1178,C1179,C1180,C1181"
202945,27,27,0,5,0,0,22,"C1186,C1185,C1184,C1183,C1187",None,None,"C0914,C0913,C0912,C0910,C0909,C0911,C0932,C1164,C1162,C1163,C1160,C1161,C1182,C1178,C1179,C1180,C1181,C1190,C1189,C1192,C1191,C1188"
202946,25,25,0,3,0,0,22,"C1193,C1194,C1195",None,None,"C0914,C0913,C0912,C0910,C0909,C0911,C0932,C1164,C1162,C1163,C1160,C1161,C1182,C1178,C1179,C1180,C1181,C1190,C1189,C1192,C1191,C1188"
202947,0,22,22,0,0,0,22,None,None,None,"C0914,C0913,C0912,C0910,C0909,C0911,C0932,C1164,C1162,C1163,C1160,C1161,C1182,C1178,C1179,C1180,C1181,C1190,C1189,C1192,C1191,C1188"
202948,21,21,0,5,0,0,16,"C1200,C1199,C1198,C1197,C1196",None,None,"C0932,C1164,C1162,C1163,C1160,C1161,C1182,C1178,C1179,C1180,C1181,C1190,C1189,C1192,C1191,C1188"
202949,24,24,0,8,0,0,16,"C1201,C1202,C1203,C1204,C1205,C1206,C1207,C1208",None,None,"C0932,C1164,C1162,C1163,C1160,C1161,C1182,C1178,C1179,C1180,C1181,C1190,C1189,C1192,C1191,C1188"
202950,16,16,0,0,0,0,16,None,None,None,"C0932,C1164,C1162,C1163,C1160,C1161,C1182,C1178,C1179,C1180,C1181,C1190,C1189,C1192,C1191,C1188"
202951,0,16,16,0,0,0,16,None,None,None,"C0932,C1164,C1162,C1163,C1160,C1161,C1182,C1178,C1179,C1180,C1181,C1190,C1189,C1192,C1191,C1188"
202952,0,16,16,0,0,0,16,None,None,None,"C0932,C1164,C1162,C1163,C1160,C1161,C1182,C1178,C1179,C1180,C1181,C1190,C1189,C1192,C1191,C1188"
203001,15,15,0,0,0,0,15,None,None,None,"C1164,C1162,C1163,C1160,C1161,C1182,C1178,C1179,C1180,C1181,C1190,C1189,C1192,C1191,C1188"
203002,21,21,0,6,0,0,15,"C1210,C1214,C1213,C1209,C1211,C1212",None,None,"C1164,C1162,C1163,C1160,C1161,C1182,C1178,C1179,C1180,C1181,C1190,C1189,C1192,C1191,C1188"
203003,21,21,0,6,0,0,15,"C1215,C1216,C1217,C1218,C1219,C1220",None,None,"C1164,C1162,C1163,C1160,C1161,C1182,C1178,C1179,C1180,C1181,C1190,C1189,C1192,C1191,C1188"
203004,24,24,0,9,0,0,15,"C1227,C1226,C1225,C1221,C1223,C1222,C1228,C1224,C1229",None,None,"C1164,C1162,C1163,C1160,C1161,C1182,C1178,C1179,C1180,C1181,C1190,C1189,C1192,C1191,C1188"
203005,22,22,0,7,0,0,15,"C1235,C1236,C1233,C1234,C1231,C1230,C1232",None,None,"C1164,C1162,C1163,C1160,C1161,C1182,C1178,C1179,C1180,C1181,C1190,C1189,C1192,C1191,C1188"
203006,23,23,0,8,0,0,15,"C1242,C1237,C1238,C1239,C1240,C1241,C1243,C1244",None,None,"C1164,C1162,C1163,C1160,C1161,C1182,C1178,C1179,C1180,C1181,C1190,C1189,C1192,C1191,C1188"
203007,19,19,0,4,0,0,15,"C1247,C1248,C1245,C1246",None,None,"C1164,C1162,C1163,C1160,C1161,C1182,C1178,C1179,C1180,C1181,C1190,C1189,C1192,C1191,C1188"
203008,23,23,0,8,0,0,15,"C1255,C1256,C1254,C1253,C1251,C1250,C1249,C1252",None,None,"C1164,C1162,C1163,C1160,C1161,C1182,C1178,C1179,C1180,C1181,C1190,C1189,C1192,C1191,C1188"
203009,28,28,0,13,0,0,15,"C1269,C1268,C1267,C1265,C1266,C1264,C1259,C1262,C1261,C1260,C1258,C1257,C1263",None,None,"C1164,C1162,C1163,C1160,C1161,C1182,C1178,C1179,C1180,C1181,C1190,C1189,C1192,C1191,C1188"
203010,15,15,0,0,0,0,15,None,None,None,"C1164,C1162,C1163,C1160,C1161,C1182,C1178,C1179,C1180,C1181,C1190,C1189,C1192,C1191,C1188"
203011,25,25,0,10,0,0,15,"C1276,C1278,C1277,C1275,C1279,C1273,C1272,C1271,C1270,C1274",None,None,"C1164,C1162,C1163,C1160,C1161,C1182,C1178,C1179,C1180,C1181,C1190,C1189,C1192,C1191,C1188"
203012,26,26,0,11,0,0,15,"C1290,C1289,C1287,C1288,C1286,C1281,C1284,C1283,C1282,C1280,C1285",None,None,"C1164,C1162,C1163,C1160,C1161,C1182,C1178,C1179,C1180,C1181,C1190,C1189,C1192,C1191,C1188"
203013,0,15,15,0,0,0,15,None,None,None,"C1164,C1162,C1163,C1160,C1161,C1182,C1178,C1179,C1180,C1181,C1190,C1189,C1192,C1191,C1188"
203014,0,15,15,0,0,0,15,None,None,None,"C1164,C1162,C1163,C1160,C1161,C1182,C1178,C1179,C1180,C1181,C1190,C1189,C1192,C1191,C1188"
203015,16,16,0,1,0,0,15,C1291,None,None,"C1164,C1162,C1163,C1160,C1161,C1182,C1178,C1179,C1180,C1181,C1190,C1189,C1192,C1191,C1188"
203016,25,25,0,10,0,0,15,"C1301,C1300,C1299,C1298,C1297,C1295,C1294,C1293,C1292,C1296",None,None,"C1164,C1162,C1163,C1160,C1161,C1182,C1178,C1179,C1180,C1181,C1190,C1189,C1192,C1191,C1188"
203017,29,29,0,14,0,0,15,"C1310,C1314,C1313,C1312,C1315,C1311,C1309,C1305,C1307,C1306,C1304,C1303,C1302,C1308",None,None,"C1164,C1162,C1163,C1160,C1161,C1182,C1178,C1179,C1180,C1181,C1190,C1189,C1192,C1191,C1188"
203018,23,23,0,8,0,0,15,"C1316,C1317,C1318,C1319,C1320,C1321,C1322,C1323",None,None,"C1164,C1162,C1163,C1160,C1161,C1182,C1178,C1179,C1180,C1181,C1190,C1189,C1192,C1191,C1188"
203019,27,27,0,12,0,0,15,"C1332,C1333,C1331,C1334,C1335,C1330,C1325,C1328,C1327,C1326,C1324,C1329",None,None,"C1164,C1162,C1163,C1160,C1161,C1182,C1178,C1179,C1180,C1181,C1190,C1189,C1192,C1191,C1188"
203020,19,19,0,4,0,0,15,"C1336,C1337,C1338,C1339",None,None,"C1164,C1162,C1163,C1160,C1161,C1182,C1178,C1179,C1180,C1181,C1190,C1189,C1192,C1191,C1188"
203021,27,27,0,12,0,0,15,"C1351,C1350,C1349,C1348,C1347,C1346,C1343,C1344,C1342,C1341,C1340,C1345",None,None,"C1164,C1162,C1163,C1160,C1161,C1182,C1178,C1179,C1180,C1181,C1190,C1189,C1192,C1191,C1188"
203022,25,25,0,10,0,0,15,"C1358,C1361,C1360,C1359,C1357,C1352,C1355,C1354,C1353,C1356",None,None,"C1164,C1162,C1163,C1160,C1161,C1182,C1178,C1179,C1180,C1181,C1190,C1189,C1192,C1191,C1188"
203023,20,20,0,5,0,0,15,"C1365,C1364,C1366,C1362,C1363",None,None,"C1164,C1162,C1163,C1160,C1161,C1182,C1178,C1179,C1180,C1181,C1190,C1189,C1192,C1191,C1188"
203024,16,16,0,1,0,0,15,C1367,None,None,"C1164,C1162,C1163,C1160,C1161,C1182,C1178,C1179,C1180,C1181,C1190,C1189,C1192,C1191,C1188"
203025,19,19,0,4,0,0,15,"C1368,C1369,C1370,C1371",None,None,"C1164,C1162,C1163,C1160,C1161,C1182,C1178,C1179,C1180,C1181,C1190,C1189,C1192,C1191,C1188"
203026,0,15,15,0,0,0,15,None,None,None,"C1164,C1162,C1163,C1160,C1161,C1182,C1178,C1179,C1180,C1181,C1190,C1189,C1192,C1191,C1188"
203027,21,21,0,6,0,0,15,"C1376,C1377,C1375,C1373,C1372,C1374",None,None,"C1164,C1162,C1163,C1160,C1161,C1182,C1178,C1179,C1180,C1181,C1190,C1189,C1192,C1191,C1188"
203028,17,17,0,2,0,0,15,"C1378,C1379",None,None,"C1164,C1162,C1163,C1160,C1161,C1182,C1178,C1179,C1180,C1181,C1190,C1189,C1192,C1191,C1188"
203029,22,22,0,7,0,0,15,"C1380,C1381,C1382,C1383,C1384,C1385,C1386",None,None,"C1164,C1162,C1163,C1160,C1161,C1182,C1178,C1179,C1180,C1181,C1190,C1189,C1192,C1191,C1188"
203030,15,15,0,0,0,0,15,None,None,None,"C1164,C1162,C1163,C1160,C1161,C1182,C1178,C1179,C1180,C1181,C1190,C1189,C1192,C1191,C1188"
203031,26,26,0,11,0,0,15,"C1396,C1397,C1395,C1393,C1392,C1394,C1390,C1389,C1388,C1387,C1391",None,None,"C1164,C1162,C1163,C1160,C1161,C1182,C1178,C1179,C1180,C1181,C1190,C1189,C1192,C1191,C1188"
203032,29,29,0,14,0,0,15,"C1410,C1409,C1408,C1407,C1406,C1405,C1402,C1403,C1401,C1400,C1399,C1398,C1411,C1404",None,None,"C1164,C1162,C1163,C1160,C1161,C1182,C1178,C1179,C1180,C1181,C1190,C1189,C1192,C1191,C1188"
203033,26,26,0,11,0,0,15,"C1419,C1418,C1421,C1422,C1417,C1420,C1415,C1412,C1416,C1414,C1413",None,None,"C1164,C1162,C1163,C1160,C1161,C1182,C1178,C1179,C1180,C1181,C1190,C1189,C1192,C1191,C1188"
203034,19,19,0,4,0,0,15,"C1423,C1424,C1425,C1426",None,None,"C1164,C1162,C1163,C1160,C1161,C1182,C1178,C1179,C1180,C1181,C1190,C1189,C1192,C1191,C1188"
203035,0,15,15,0,0,0,15,None,None,None,"C1164,C1162,C1163,C1160,C1161,C1182,C1178,C1179,C1180,C1181,C1190,C1189,C1192,C1191,C1188"
203036,23,23,0,8,0,0,15,"C1434,C1433,C1432,C1431,C1429,C1428,C1427,C1430",None,None,"C1164,C1162,C1163,C1160,C1161,C1182,C1178,C1179,C1180,C1181,C1190,C1189,C1192,C1191,C1188"
203037,27,27,0,12,0,0,15,"C1446,C1445,C1444,C1443,C1442,C1441,C1439,C1435,C1436,C1440,C1438,C1437",None,None,"C1164,C1162,C1163,C1160,C1161,C1182,C1178,C1179,C1180,C1181,C1190,C1189,C1192,C1191,C1188"
203038,17,17,0,2,0,0,15,"C1447,C1448",None,None,"C1164,C1162,C1163,C1160,C1161,C1182,C1178,C1179,C1180,C1181,C1190,C1189,C1192,C1191,C1188"
203039,23,23,0,8,0,0,15,"C1456,C1455,C1454,C1453,C1450,C1449,C1452,C1451",None,None,"C1164,C1162,C1163,C1160,C1161,C1182,C1178,C1179,C1180,C1181,C1190,C1189,C1192,C1191,C1188"
203040,29,29,0,14,0,0,15,"C1465,C1470,C1469,C1468,C1467,C1466,C1464,C1462,C1461,C1460,C1459,C1458,C1457,C1463",None,None,"C1164,C1162,C1163,C1160,C1161,C1182,C1178,C1179,C1180,C1181,C1190,C1189,C1192,C1191,C1188"
203041,16,16,0,1,0,0,15,C1471,None,None,"C1164,C1162,C1163,C1160,C1161,C1182,C1178,C1179,C1180,C1181,C1190,C1189,C1192,C1191,C1188"
203042,28,28,0,18,0,0,10,"C1489,C1488,C1486,C1485,C1484,C1483,C1482,C1481,C1487,C1479,C1478,C1477,C1476,C1475,C1474,C1473,C1472,C1480",None,None,"C1182,C1178,C1179,C1180,C1181,C1190,C1189,C1192,C1191,C1188"
203043,25,25,0,15,0,0,10,"C1504,C1503,C1502,C1501,C1500,C1499,C1498,C1495,C1496,C1494,C1493,C1492,C1491,C1490,C1497",None,None,"C1182,C1178,C1179,C1180,C1181,C1190,C1189,C1192,C1191,C1188"
203044,19,19,0,14,0,0,5,"C1512,C1516,C1515,C1514,C1513,C1511,C1517,C1509,C1508,C1507,C1506,C1505,C1510,C1518",None,None,"C1190,C1189,C1192,C1191,C1188"
