Contract_ID,Start_Week,Duration,Cost,End_Week
C0001,202545,1,1800,202545
C0024,202545,1,1800,202545
C0023,202545,1,1800,202545
C0022,202545,1,1800,202545
C0021,202545,1,1800,202545
C0020,202545,1,1800,202545
C0019,202545,1,1800,202545
C0018,202545,1,1800,202545
C0017,202545,1,1800,202545
C0016,202545,1,1800,202545
C0015,202545,1,1800,202545
C0014,202545,1,1800,202545
C0025,202545,1,1800,202545
C0012,202545,1,1800,202545
C0013,202545,1,1800,202545
C0002,202545,1,1800,202545
C0004,202545,1,1800,202545
C0005,202545,1,1800,202545
C0006,202545,1,1800,202545
C0003,202545,1,1800,202545
C0008,202545,1,1800,202545
C0009,202545,1,1800,202545
C0010,202545,1,1800,202545
C0011,202545,1,1800,202545
C0007,202545,1,1800,202545
C0035,202546,52,78000,202645
C0041,202546,52,78000,202645
C0040,202546,52,78000,202645
C0039,202546,52,78000,202645
C0038,202546,52,78000,202645
C0037,202546,52,78000,202645
C0036,202546,52,78000,202645
C0034,202546,52,78000,202645
C0031,202546,52,78000,202645
C0032,202546,52,78000,202645
C0030,202546,52,78000,202645
C0029,202546,52,78000,202645
C0028,202546,1,1800,202546
C0027,202546,1,1800,202546
C0026,202546,1,1800,202546
C0033,202546,52,78000,202645
C0042,202548,1,1800,202548
C0043,202548,1,1800,202548
C0052,202549,1,1800,202549
C0056,202549,1,1800,202549
C0055,202549,1,1800,202549
C0054,202549,1,1800,202549
C0053,202549,1,1800,202549
C0051,202549,1,1800,202549
C0046,202549,1,1800,202549
C0049,202549,1,1800,202549
C0044,202549,1,1800,202549
C0045,202549,1,1800,202549
C0050,202549,1,1800,202549
C0047,202549,1,1800,202549
C0048,202549,1,1800,202549
C0062,202550,1,1800,202550
C0060,202550,1,1800,202550
C0061,202550,1,1800,202550
C0058,202550,1,1800,202550
C0057,202550,1,1800,202550
C0059,202550,1,1800,202550
C0064,202601,1,1800,202601
C0063,202601,1,1800,202601
C0065,202602,1,1800,202602
C0066,202602,1,1800,202602
C0067,202602,1,1800,202602
C0068,202602,1,1800,202602
C0069,202602,1,1800,202602
C0073,202603,1,1800,202603
C0074,202603,1,1800,202603
C0071,202603,1,1800,202603
C0070,202603,1,1800,202603
C0072,202603,1,1800,202603
C0075,202604,1,1800,202604
C0076,202604,1,1800,202604
C0077,202604,1,1800,202604
C0078,202604,1,1800,202604
C0090,202605,1,1800,202605
C0089,202605,1,1800,202605
C0088,202605,1,1800,202605
C0087,202605,1,1800,202605
C0086,202605,1,1800,202605
C0085,202605,1,1800,202605
C0082,202605,1,1800,202605
C0083,202605,1,1800,202605
C0081,202605,1,1800,202605
C0080,202605,1,1800,202605
C0079,202605,1,1800,202605
C0091,202605,1,1800,202605
C0084,202605,1,1800,202605
C0094,202606,1,1800,202606
C0093,202606,1,1800,202606
C0092,202606,1,1800,202606
C0106,202607,1,1800,202607
C0105,202607,1,1800,202607
C0104,202607,1,1800,202607
C0102,202607,1,1800,202607
C0101,202607,1,1800,202607
C0103,202607,1,1800,202607
C0099,202607,1,1800,202607
C0098,202607,1,1800,202607
C0097,202607,1,1800,202607
C0096,202607,1,1800,202607
C0095,202607,1,1800,202607
C0100,202607,1,1800,202607
C0114,202608,1,1800,202608
C0119,202608,1,1800,202608
C0118,202608,1,1800,202608
C0116,202608,1,1800,202608
C0115,202608,1,1800,202608
C0113,202608,1,1800,202608
C0117,202608,1,1800,202608
C0111,202608,1,1800,202608
C0110,202608,1,1800,202608
C0109,202608,1,1800,202608
C0108,202608,1,1800,202608
C0107,202608,1,1800,202608
C0112,202608,1,1800,202608
C0135,202609,1,1800,202609
C0134,202609,1,1800,202609
C0133,202609,1,1800,202609
C0132,202609,1,1800,202609
C0131,202609,1,1800,202609
C0130,202609,1,1800,202609
C0129,202609,1,1800,202609
C0128,202609,1,1800,202609
C0127,202609,1,1800,202609
C0125,202609,1,1800,202609
C0124,202609,1,1800,202609
C0123,202609,1,1800,202609
C0122,202609,1,1800,202609
C0121,202609,1,1800,202609
C0120,202609,1,1800,202609
C0126,202609,1,1800,202609
C0142,202610,1,1800,202610
C0145,202610,1,1800,202610
C0144,202610,1,1800,202610
C0143,202610,1,1800,202610
C0141,202610,1,1800,202610
C0140,202610,1,1800,202610
C0139,202610,1,1800,202610
C0138,202610,1,1800,202610
C0137,202610,1,1800,202610
C0136,202610,1,1800,202610
C0146,202611,1,1800,202611
C0147,202611,1,1800,202611
C0148,202611,1,1800,202611
C0159,202612,1,1800,202612
C0158,202612,1,1800,202612
C0157,202612,1,1800,202612
C0156,202612,1,1800,202612
C0155,202612,1,1800,202612
C0152,202612,1,1800,202612
C0153,202612,1,1800,202612
C0151,202612,1,1800,202612
C0150,202612,1,1800,202612
C0149,202612,1,1800,202612
C0154,202612,1,1800,202612
C0166,202615,52,78000,202713
C0167,202615,52,78000,202713
C0165,202615,1,1800,202615
C0164,202615,1,1800,202615
C0162,202615,1,1800,202615
C0161,202615,1,1800,202615
C0160,202615,1,1800,202615
C0163,202615,1,1800,202615
C0168,202618,1,1800,202618
C0169,202619,1,1800,202619
C0170,202619,1,1800,202619
C0171,202619,1,1800,202619
C0173,202620,1,1800,202620
C0172,202620,1,1800,202620
C0174,202620,1,1800,202620
C0181,202621,1,1800,202621
C0180,202621,1,1800,202621
C0179,202621,1,1800,202621
C0175,202621,1,1800,202621
C0177,202621,1,1800,202621
C0176,202621,1,1800,202621
C0182,202621,1,1800,202621
C0178,202621,1,1800,202621
C0190,202622,1,1800,202622
C0189,202622,1,1800,202622
C0191,202622,1,1800,202622
C0187,202622,1,1800,202622
C0188,202622,1,1800,202622
C0186,202622,1,1800,202622
C0185,202622,1,1800,202622
C0184,202622,1,1800,202622
C0183,202622,1,1800,202622
C0199,202624,1,1800,202624
C0198,202624,1,1800,202624
C0196,202624,1,1800,202624
C0197,202624,1,1800,202624
C0194,202624,1,1800,202624
C0193,202624,1,1800,202624
C0192,202624,1,1800,202624
C0195,202624,1,1800,202624
C0200,202625,1,1800,202625
C0201,202625,1,1800,202625
C0202,202625,1,1800,202625
C0209,202627,1,1800,202627
C0213,202627,52,78000,202725
C0212,202627,1,1800,202627
C0210,202627,1,1800,202627
C0208,202627,1,1800,202627
C0211,202627,1,1800,202627
C0206,202627,1,1800,202627
C0205,202627,1,1800,202627
C0207,202627,1,1800,202627
C0204,202627,1,1800,202627
C0203,202627,1,1800,202627
C0221,202628,1,1800,202628
C0220,202628,1,1800,202628
C0219,202628,1,1800,202628
C0218,202628,1,1800,202628
C0222,202628,1,1800,202628
C0216,202628,1,1800,202628
C0215,202628,1,1800,202628
C0214,202628,1,1800,202628
C0217,202628,1,1800,202628
C0232,202629,1,1800,202629
C0231,202629,1,1800,202629
C0230,202629,1,1800,202629
C0229,202629,1,1800,202629
C0228,202629,1,1800,202629
C0227,202629,1,1800,202629
C0225,202629,1,1800,202629
C0224,202629,1,1800,202629
C0223,202629,1,1800,202629
C0226,202629,1,1800,202629
C0238,202630,1,1800,202630
C0239,202630,1,1800,202630
C0237,202630,1,1800,202630
C0234,202630,1,1800,202630
C0235,202630,1,1800,202630
C0236,202630,1,1800,202630
C0233,202630,1,1800,202630
C0240,202631,1,1800,202631
C0241,202631,1,1800,202631
C0242,202631,1,1800,202631
C0243,202631,1,1800,202631
C0244,202631,1,1800,202631
C0246,202632,1,1800,202632
C0245,202632,1,1800,202632
C0247,202633,1,1800,202633
C0248,202633,1,1800,202633
C0249,202633,1,1800,202633
C0250,202633,1,1800,202633
C0251,202633,1,1800,202633
C0252,202633,1,1800,202633
C0260,202634,1,1800,202634
C0259,202634,1,1800,202634
C0257,202634,1,1800,202634
C0258,202634,1,1800,202634
C0255,202634,1,1800,202634
C0254,202634,1,1800,202634
C0253,202634,1,1800,202634
C0256,202634,1,1800,202634
C0261,202636,1,1800,202636
C0262,202636,1,1800,202636
C0263,202636,1,1800,202636
C0274,202637,1,1800,202637
C0273,202637,1,1800,202637
C0272,202637,1,1800,202637
C0271,202637,1,1800,202637
C0270,202637,1,1800,202637
C0268,202637,1,1800,202637
C0267,202637,1,1800,202637
C0266,202637,1,1800,202637
C0265,202637,1,1800,202637
C0264,202637,1,1800,202637
C0269,202637,1,1800,202637
C0282,202638,1,1800,202638
C0286,202638,1,1800,202638
C0285,202638,1,1800,202638
C0284,202638,1,1800,202638
C0283,202638,1,1800,202638
C0281,202638,1,1800,202638
C0279,202638,1,1800,202638
C0280,202638,1,1800,202638
C0278,202638,1,1800,202638
C0277,202638,1,1800,202638
C0276,202638,1,1800,202638
C0275,202638,1,1800,202638
C0297,202640,1,1800,202640
C0296,202640,1,1800,202640
C0295,202640,1,1800,202640
C0294,202640,1,1800,202640
C0293,202640,1,1800,202640
C0292,202640,1,1800,202640
C0291,202640,1,1800,202640
C0290,202640,1,1800,202640
C0289,202640,1,1800,202640
C0288,202640,1,1800,202640
C0287,202640,1,1800,202640
C0308,202641,1,1800,202641
C0307,202641,1,1800,202641
C0306,202641,1,1800,202641
C0305,202641,1,1800,202641
C0303,202641,1,1800,202641
C0304,202641,1,1800,202641
C0301,202641,1,1800,202641
C0300,202641,1,1800,202641
C0299,202641,1,1800,202641
C0298,202641,1,1800,202641
C0302,202641,1,1800,202641
C0309,202642,1,1800,202642
C0315,202643,1,1800,202643
C0319,202643,1,1800,202643
C0318,202643,1,1800,202643
C0317,202643,1,1800,202643
C0316,202643,1,1800,202643
C0312,202643,1,1800,202643
C0313,202643,1,1800,202643
C0311,202643,1,1800,202643
C0310,202643,1,1800,202643
C0314,202643,1,1800,202643
C0323,202644,1,1800,202644
C0322,202644,1,1800,202644
C0324,202644,1,1800,202644
C0320,202644,1,1800,202644
C0321,202644,1,1800,202644
C0328,202645,1,1800,202645
C0327,202645,1,1800,202645
C0326,202645,1,1800,202645
C0325,202645,1,1800,202645
C0344,202646,1,1800,202646
C0343,202646,1,1800,202646
C0342,202646,1,1800,202646
C0341,202646,1,1800,202646
C0340,202646,1,1800,202646
C0338,202646,1,1800,202646
C0337,202646,1,1800,202646
C0339,202646,1,1800,202646
C0335,202646,1,1800,202646
C0334,202646,1,1800,202646
C0333,202646,1,1800,202646
C0332,202646,1,1800,202646
C0331,202646,1,1800,202646
C0330,202646,1,1800,202646
C0329,202646,1,1800,202646
C0336,202646,1,1800,202646
C0353,202648,52,78000,202746
C0358,202648,52,78000,202746
C0357,202648,52,78000,202746
C0356,202648,52,78000,202746
C0355,202648,52,78000,202746
C0354,202648,52,78000,202746
C0352,202648,1,1800,202648
C0347,202648,1,1800,202648
C0350,202648,1,1800,202648
C0349,202648,1,1800,202648
C0348,202648,1,1800,202648
C0346,202648,1,1800,202648
C0345,202648,1,1800,202648
C0351,202648,1,1800,202648
C0364,202649,1,1800,202649
C0365,202649,1,1800,202649
C0363,202649,1,1800,202649
C0366,202649,1,1800,202649
C0361,202649,1,1800,202649
C0360,202649,1,1800,202649
C0359,202649,1,1800,202649
C0362,202649,1,1800,202649
C0367,202649,1,1800,202649
C0381,202650,1,1800,202650
C0380,202650,1,1800,202650
C0382,202650,1,1800,202650
C0378,202650,1,1800,202650
C0384,202650,1,1800,202650
C0385,202650,1,1800,202650
C0383,202650,1,1800,202650
C0377,202650,1,1800,202650
C0379,202650,1,1800,202650
C0375,202650,1,1800,202650
C0368,202650,1,1800,202650
C0369,202650,1,1800,202650
C0370,202650,1,1800,202650
C0371,202650,1,1800,202650
C0376,202650,1,1800,202650
C0373,202650,1,1800,202650
C0372,202650,1,1800,202650
C0374,202650,1,1800,202650
C0396,202653,52,78000,202751
C0395,202653,52,78000,202751
C0394,202653,52,78000,202751
C0393,202653,52,78000,202751
C0392,202653,52,78000,202751
C0391,202653,52,78000,202751
C0390,202653,1,1800,202653
C0389,202653,1,1800,202653
C0388,202653,1,1800,202653
C0387,202653,1,1800,202653
C0386,202653,1,1800,202653
C0397,202702,1,1800,202702
C0398,202703,1,1800,202703
C0403,202704,1,1800,202704
C0402,202704,1,1800,202704
C0404,202704,1,1800,202704
C0400,202704,1,1800,202704
C0399,202704,1,1800,202704
C0401,202704,1,1800,202704
C0405,202705,1,1800,202705
C0406,202706,1,1800,202706
C0407,202706,1,1800,202706
C0408,202706,1,1800,202706
C0409,202706,1,1800,202706
C0410,202706,1,1800,202706
C0423,202707,1,1800,202707
C0422,202707,1,1800,202707
C0421,202707,1,1800,202707
C0420,202707,1,1800,202707
C0419,202707,1,1800,202707
C0418,202707,1,1800,202707
C0413,202707,1,1800,202707
C0416,202707,1,1800,202707
C0415,202707,1,1800,202707
C0414,202707,1,1800,202707
C0412,202707,1,1800,202707
C0411,202707,1,1800,202707
C0417,202707,1,1800,202707
C0428,202708,1,1800,202708
C0427,202708,1,1800,202708
C0425,202708,1,1800,202708
C0426,202708,1,1800,202708
C0424,202708,1,1800,202708
C0436,202709,1,1800,202709
C0435,202709,1,1800,202709
C0434,202709,1,1800,202709
C0433,202709,1,1800,202709
C0437,202709,1,1800,202709
C0431,202709,1,1800,202709
C0430,202709,1,1800,202709
C0429,202709,1,1800,202709
C0432,202709,1,1800,202709
C0438,202710,1,1800,202710
C0439,202710,1,1800,202710
C0440,202710,1,1800,202710
C0441,202710,1,1800,202710
C0449,202711,1,1800,202711
C0453,202711,1,1800,202711
C0452,202711,1,1800,202711
C0451,202711,1,1800,202711
C0450,202711,1,1800,202711
C0447,202711,1,1800,202711
C0446,202711,1,1800,202711
C0445,202711,1,1800,202711
C0444,202711,1,1800,202711
C0443,202711,1,1800,202711
C0442,202711,1,1800,202711
C0448,202711,1,1800,202711
C0465,202715,26,41600,202740
C0464,202715,26,41600,202740
C0463,202715,1,1800,202715
C0462,202715,1,1800,202715
C0461,202715,1,1800,202715
C0460,202715,1,1800,202715
C0457,202715,1,1800,202715
C0458,202715,1,1800,202715
C0456,202715,1,1800,202715
C0455,202715,1,1800,202715
C0454,202715,1,1800,202715
C0459,202715,1,1800,202715
C0466,202715,26,41600,202740
C0472,202716,1,1800,202716
C0470,202716,1,1800,202716
C0471,202716,1,1800,202716
C0468,202716,1,1800,202716
C0469,202716,1,1800,202716
C0467,202716,1,1800,202716
C0479,202717,1,1800,202717
C0478,202717,1,1800,202717
C0477,202717,1,1800,202717
C0474,202717,1,1800,202717
C0475,202717,1,1800,202717
C0476,202717,1,1800,202717
C0473,202717,1,1800,202717
C0492,202719,1,1800,202719
C0491,202719,1,1800,202719
C0490,202719,1,1800,202719
C0489,202719,1,1800,202719
C0488,202719,1,1800,202719
C0487,202719,1,1800,202719
C0485,202719,1,1800,202719
C0484,202719,1,1800,202719
C0483,202719,1,1800,202719
C0482,202719,1,1800,202719
C0481,202719,1,1800,202719
C0480,202719,1,1800,202719
C0486,202719,1,1800,202719
C0497,202720,1,1800,202720
C0496,202720,1,1800,202720
C0494,202720,1,1800,202720
C0493,202720,1,1800,202720
C0495,202720,1,1800,202720
C0504,202722,1,1800,202722
C0498,202722,1,1800,202722
C0499,202722,1,1800,202722
C0500,202722,1,1800,202722
C0501,202722,1,1800,202722
C0502,202722,1,1800,202722
C0503,202722,1,1800,202722
C0505,202723,1,1800,202723
C0506,202723,1,1800,202723
C0507,202723,1,1800,202723
C0516,202724,1,1800,202724
C0515,202724,1,1800,202724
C0519,202724,1,1800,202724
C0517,202724,1,1800,202724
C0514,202724,1,1800,202724
C0518,202724,1,1800,202724
C0512,202724,1,1800,202724
C0511,202724,1,1800,202724
C0510,202724,1,1800,202724
C0509,202724,1,1800,202724
C0513,202724,1,1800,202724
C0508,202724,1,1800,202724
C0528,202725,1,1800,202725
C0527,202725,1,1800,202725
C0526,202725,1,1800,202725
C0525,202725,1,1800,202725
C0521,202725,1,1800,202725
C0523,202725,1,1800,202725
C0520,202725,1,1800,202725
C0524,202725,1,1800,202725
C0522,202725,1,1800,202725
C0529,202727,1,1800,202727
C0530,202727,1,1800,202727
C0531,202727,1,1800,202727
C0532,202727,1,1800,202727
C0533,202727,1,1800,202727
C0535,202727,1,1800,202727
C0536,202727,1,1800,202727
C0537,202727,1,1800,202727
C0534,202727,1,1800,202727
C0546,202728,1,1800,202728
C0550,202728,1,1800,202728
C0549,202728,1,1800,202728
C0548,202728,1,1800,202728
C0547,202728,1,1800,202728
C0551,202728,1,1800,202728
C0545,202728,1,1800,202728
C0543,202728,1,1800,202728
C0544,202728,1,1800,202728
C0538,202728,1,1800,202728
C0539,202728,1,1800,202728
C0540,202728,1,1800,202728
C0541,202728,1,1800,202728
C0542,202728,1,1800,202728
C0564,202729,1,1800,202729
C0563,202729,1,1800,202729
C0562,202729,1,1800,202729
C0561,202729,1,1800,202729
C0560,202729,1,1800,202729
C0559,202729,1,1800,202729
C0558,202729,1,1800,202729
C0557,202729,1,1800,202729
C0556,202729,1,1800,202729
C0554,202729,1,1800,202729
C0553,202729,1,1800,202729
C0552,202729,1,1800,202729
C0555,202729,1,1800,202729
C0569,202730,1,1800,202730
C0568,202730,1,1800,202730
C0567,202730,1,1800,202730
C0565,202730,1,1800,202730
C0566,202730,1,1800,202730
C0570,202731,1,1800,202731
C0571,202731,1,1800,202731
C0572,202731,1,1800,202731
C0573,202731,1,1800,202731
C0574,202731,1,1800,202731
C0575,202731,1,1800,202731
C0576,202731,1,1800,202731
C0577,202731,1,1800,202731
C0578,202731,1,1800,202731
C0581,202732,1,1800,202732
C0580,202732,1,1800,202732
C0579,202732,1,1800,202732
C0582,202733,1,1800,202733
C0583,202733,1,1800,202733
C0584,202733,1,1800,202733
C0585,202733,1,1800,202733
C0586,202733,1,1800,202733
C0587,202733,1,1800,202733
C0588,202733,1,1800,202733
C0589,202733,1,1800,202733
C0590,202733,1,1800,202733
C0591,202733,1,1800,202733
C0592,202733,1,1800,202733
C0593,202734,1,1800,202734
C0594,202737,1,1800,202737
C0595,202737,1,1800,202737
C0596,202737,1,1800,202737
C0597,202737,1,1800,202737
C0598,202737,1,1800,202737
C0599,202737,1,1800,202737
C0600,202737,1,1800,202737
C0601,202737,52,78000,202836
C0602,202737,52,78000,202836
C0603,202737,52,78000,202836
C0612,202739,52,78000,202838
C0611,202739,1,1800,202739
C0610,202739,1,1800,202739
C0609,202739,1,1800,202739
C0606,202739,1,1800,202739
C0607,202739,1,1800,202739
C0605,202739,1,1800,202739
C0604,202739,1,1800,202739
C0608,202739,1,1800,202739
C0620,202742,1,1800,202742
C0624,202742,1,1800,202742
C0623,202742,1,1800,202742
C0622,202742,1,1800,202742
C0621,202742,1,1800,202742
C0619,202742,1,1800,202742
C0617,202742,1,1800,202742
C0616,202742,1,1800,202742
C0615,202742,1,1800,202742
C0614,202742,1,1800,202742
C0613,202742,1,1800,202742
C0618,202742,1,1800,202742
C0625,202743,1,1800,202743
C0626,202743,1,1800,202743
C0630,202744,1,1800,202744
C0636,202744,1,1800,202744
C0635,202744,1,1800,202744
C0634,202744,1,1800,202744
C0633,202744,1,1800,202744
C0629,202744,1,1800,202744
C0631,202744,1,1800,202744
C0637,202744,1,1800,202744
C0628,202744,1,1800,202744
C0627,202744,1,1800,202744
C0632,202744,1,1800,202744
C0638,202744,1,1800,202744
C0643,202746,1,1800,202746
C0642,202746,1,1800,202746
C0641,202746,1,1800,202746
C0640,202746,1,1800,202746
C0639,202746,1,1800,202746
C0651,202747,52,78000,202846
C0650,202747,52,78000,202846
C0649,202747,52,78000,202846
C0648,202747,52,78000,202846
C0652,202747,52,78000,202846
C0646,202747,52,78000,202846
C0645,202747,52,78000,202846
C0644,202747,52,78000,202846
C0647,202747,52,78000,202846
C0653,202749,1,1800,202749
C0654,202749,1,1800,202749
C0655,202749,1,1800,202749
C0656,202750,1,1800,202750
C0657,202750,1,1800,202750
C0658,202750,1,1800,202750
C0659,202750,1,1800,202750
C0660,202750,52,78000,202849
C0661,202750,52,78000,202849
C0671,202802,1,1800,202802
C0672,202802,1,1800,202802
C0670,202802,1,1800,202802
C0674,202802,1,1800,202802
C0673,202802,1,1800,202802
C0669,202802,1,1800,202802
C0662,202802,1,1800,202802
C0667,202802,1,1800,202802
C0663,202802,1,1800,202802
C0664,202802,1,1800,202802
C0668,202802,1,1800,202802
C0666,202802,1,1800,202802
C0665,202802,1,1800,202802
C0675,202803,1,1800,202803
C0676,202803,1,1800,202803
C0677,202803,1,1800,202803
C0678,202803,1,1800,202803
C0679,202803,1,1800,202803
C0680,202804,1,1800,202804
C0681,202804,1,1800,202804
C0682,202805,1,1800,202805
C0683,202805,1,1800,202805
C0684,202805,1,1800,202805
C0685,202805,1,1800,202805
C0686,202805,1,1800,202805
C0690,202806,1,1800,202806
C0689,202806,1,1800,202806
C0691,202806,1,1800,202806
C0687,202806,1,1800,202806
C0688,202806,1,1800,202806
C0694,202807,1,1800,202807
C0693,202807,1,1800,202807
C0692,202807,1,1800,202807
C0704,202808,1,1800,202808
C0702,202808,1,1800,202808
C0700,202808,1,1800,202808
C0699,202808,1,1800,202808
C0703,202808,1,1800,202808
C0697,202808,1,1800,202808
C0696,202808,1,1800,202808
C0695,202808,1,1800,202808
C0698,202808,1,1800,202808
C0701,202808,1,1800,202808
C0705,202809,1,1800,202809
C0706,202809,1,1800,202809
C0707,202809,1,1800,202809
C0708,202809,1,1800,202809
C0715,202810,1,1800,202810
C0719,202810,1,1800,202810
C0718,202810,1,1800,202810
C0717,202810,1,1800,202810
C0716,202810,1,1800,202810
C0713,202810,1,1800,202810
C0712,202810,1,1800,202810
C0711,202810,1,1800,202810
C0710,202810,1,1800,202810
C0709,202810,1,1800,202810
C0714,202810,1,1800,202810
C0733,202811,1,1800,202811
C0732,202811,1,1800,202811
C0731,202811,1,1800,202811
C0730,202811,1,1800,202811
C0729,202811,1,1800,202811
C0728,202811,1,1800,202811
C0727,202811,1,1800,202811
C0726,202811,1,1800,202811
C0725,202811,1,1800,202811
C0724,202811,1,1800,202811
C0723,202811,1,1800,202811
C0722,202811,1,1800,202811
C0721,202811,1,1800,202811
C0720,202811,1,1800,202811
C0742,202812,1,1800,202812
C0741,202812,1,1800,202812
C0743,202812,1,1800,202812
C0740,202812,1,1800,202812
C0739,202812,1,1800,202812
C0736,202812,1,1800,202812
C0737,202812,1,1800,202812
C0735,202812,1,1800,202812
C0734,202812,1,1800,202812
C0738,202812,1,1800,202812
C0753,202815,1,1800,202815
C0752,202815,1,1800,202815
C0751,202815,1,1800,202815
C0750,202815,1,1800,202815
C0749,202815,1,1800,202815
C0748,202815,1,1800,202815
C0746,202815,1,1800,202815
C0745,202815,1,1800,202815
C0744,202815,1,1800,202815
C0747,202815,1,1800,202815
C0754,202816,26,41600,202841
C0761,202817,1,1800,202817
C0762,202817,1,1800,202817
C0760,202817,1,1800,202817
C0759,202817,1,1800,202817
C0758,202817,1,1800,202817
C0757,202817,1,1800,202817
C0756,202817,1,1800,202817
C0755,202817,1,1800,202817
C0771,202818,1,1800,202818
C0769,202818,1,1800,202818
C0768,202818,1,1800,202818
C0767,202818,1,1800,202818
C0770,202818,1,1800,202818
C0765,202818,1,1800,202818
C0764,202818,1,1800,202818
C0763,202818,1,1800,202818
C0766,202818,1,1800,202818
C0772,202819,26,41600,202844
C0773,202820,1,1800,202820
C0774,202820,1,1800,202820
C0775,202820,1,1800,202820
C0776,202820,1,1800,202820
C0777,202820,1,1800,202820
C0778,202820,1,1800,202820
C0785,202821,1,1800,202821
C0787,202821,1,1800,202821
C0786,202821,1,1800,202821
C0784,202821,1,1800,202821
C0782,202821,1,1800,202821
C0781,202821,1,1800,202821
C0780,202821,1,1800,202821
C0779,202821,1,1800,202821
C0783,202821,1,1800,202821
C0788,202822,1,1800,202822
C0792,202824,1,1800,202824
C0789,202824,1,1800,202824
C0790,202824,1,1800,202824
C0791,202824,1,1800,202824
C0793,202824,1,1800,202824
C0797,202825,1,1800,202825
C0796,202825,1,1800,202825
C0794,202825,1,1800,202825
C0795,202825,1,1800,202825
C0798,202827,1,1800,202827
C0799,202827,1,1800,202827
C0808,202828,1,1800,202828
C0809,202828,1,1800,202828
C0807,202828,1,1800,202828
C0811,202828,1,1800,202828
C0810,202828,1,1800,202828
C0806,202828,1,1800,202828
C0803,202828,1,1800,202828
C0804,202828,1,1800,202828
C0805,202828,1,1800,202828
C0802,202828,1,1800,202828
C0801,202828,1,1800,202828
C0800,202828,1,1800,202828
C0819,202829,1,1800,202829
C0818,202829,1,1800,202829
C0817,202829,1,1800,202829
C0816,202829,1,1800,202829
C0815,202829,1,1800,202829
C0814,202829,1,1800,202829
C0813,202829,1,1800,202829
C0812,202829,1,1800,202829
C0828,202830,1,1800,202830
C0826,202830,1,1800,202830
C0825,202830,1,1800,202830
C0824,202830,1,1800,202830
C0827,202830,1,1800,202830
C0822,202830,1,1800,202830
C0821,202830,1,1800,202830
C0820,202830,1,1800,202830
C0823,202830,1,1800,202830
C0829,202831,1,1800,202831
C0830,202831,1,1800,202831
C0831,202831,1,1800,202831
C0832,202831,1,1800,202831
C0833,202831,1,1800,202831
C0834,202831,1,1800,202831
C0835,202832,52,78000,202931
C0842,202833,1,1800,202833
C0841,202833,1,1800,202833
C0840,202833,1,1800,202833
C0836,202833,1,1800,202833
C0838,202833,1,1800,202833
C0837,202833,1,1800,202833
C0839,202833,1,1800,202833
C0843,202834,1,1800,202834
C0844,202834,1,1800,202834
C0851,202836,1,1800,202836
C0854,202836,1,1800,202836
C0852,202836,1,1800,202836
C0850,202836,1,1800,202836
C0853,202836,1,1800,202836
C0848,202836,1,1800,202836
C0847,202836,1,1800,202836
C0846,202836,1,1800,202836
C0849,202836,1,1800,202836
C0845,202836,1,1800,202836
C0866,202837,1,1800,202837
C0865,202837,1,1800,202837
C0864,202837,1,1800,202837
C0863,202837,1,1800,202837
C0862,202837,1,1800,202837
C0861,202837,1,1800,202837
C0860,202837,1,1800,202837
C0859,202837,1,1800,202837
C0858,202837,1,1800,202837
C0857,202837,1,1800,202837
C0856,202837,1,1800,202837
C0855,202837,1,1800,202837
C0877,202838,1,1800,202838
C0876,202838,1,1800,202838
C0878,202838,1,1800,202838
C0874,202838,1,1800,202838
C0873,202838,1,1800,202838
C0875,202838,1,1800,202838
C0871,202838,1,1800,202838
C0870,202838,1,1800,202838
C0869,202838,1,1800,202838
C0868,202838,1,1800,202838
C0867,202838,1,1800,202838
C0872,202838,1,1800,202838
C0879,202839,52,78000,202938
C0880,202840,1,1800,202840
C0881,202840,1,1800,202840
C0882,202840,52,78000,202939
C0894,202841,1,1800,202841
C0893,202841,1,1800,202841
C0892,202841,1,1800,202841
C0891,202841,1,1800,202841
C0890,202841,1,1800,202841
C0889,202841,1,1800,202841
C0886,202841,1,1800,202841
C0887,202841,1,1800,202841
C0885,202841,1,1800,202841
C0884,202841,1,1800,202841
C0883,202841,1,1800,202841
C0888,202841,1,1800,202841
C0906,202843,52,78000,202942
C0905,202843,52,78000,202942
C0904,202843,52,78000,202942
C0903,202843,52,78000,202942
C0902,202843,52,78000,202942
C0901,202843,1,1800,202843
C0899,202843,1,1800,202843
C0898,202843,1,1800,202843
C0897,202843,1,1800,202843
C0896,202843,1,1800,202843
C0895,202843,1,1800,202843
C0900,202843,1,1800,202843
C0907,202845,1,1800,202845
C0908,202845,1,1800,202845
C0914,202848,52,78000,202947
C0913,202848,52,78000,202947
C0912,202848,52,78000,202947
C0910,202848,52,78000,202947
C0909,202848,52,78000,202947
C0911,202848,52,78000,202947
C0915,202849,1,1800,202849
C0916,202849,1,1800,202849
C0931,202850,1,1800,202850
C0930,202850,1,1800,202850
C0929,202850,1,1800,202850
C0928,202850,1,1800,202850
C0927,202850,1,1800,202850
C0926,202850,1,1800,202850
C0924,202850,1,1800,202850
C0925,202850,1,1800,202850
C0922,202850,1,1800,202850
C0921,202850,1,1800,202850
C0920,202850,1,1800,202850
C0919,202850,1,1800,202850
C0918,202850,1,1800,202850
C0917,202850,1,1800,202850
C0923,202850,1,1800,202850
C0932,202901,52,78000,202952
C0941,202902,1,1800,202902
C0940,202902,1,1800,202902
C0939,202902,1,1800,202902
C0938,202902,1,1800,202902
C0936,202902,1,1800,202902
C0935,202902,1,1800,202902
C0934,202902,1,1800,202902
C0933,202902,1,1800,202902
C0937,202902,1,1800,202902
C0950,202903,1,1800,202903
C0955,202903,1,1800,202903
C0954,202903,1,1800,202903
C0953,202903,1,1800,202903
C0952,202903,1,1800,202903
C0951,202903,1,1800,202903
C0949,202903,1,1800,202903
C0948,202903,1,1800,202903
C0947,202903,1,1800,202903
C0946,202903,1,1800,202903
C0945,202903,1,1800,202903
C0944,202903,1,1800,202903
C0943,202903,1,1800,202903
C0942,202903,1,1800,202903
C0966,202904,1,1800,202904
C0965,202904,1,1800,202904
C0964,202904,1,1800,202904
C0963,202904,1,1800,202904
C0962,202904,1,1800,202904
C0959,202904,1,1800,202904
C0960,202904,1,1800,202904
C0958,202904,1,1800,202904
C0957,202904,1,1800,202904
C0956,202904,1,1800,202904
C0961,202904,1,1800,202904
C0970,202905,1,1800,202905
C0969,202905,1,1800,202905
C0971,202905,1,1800,202905
C0967,202905,1,1800,202905
C0968,202905,1,1800,202905
C0972,202906,1,1800,202906
C0973,202906,1,1800,202906
C0974,202906,1,1800,202906
C0984,202907,1,1800,202907
C0983,202907,1,1800,202907
C0982,202907,1,1800,202907
C0980,202907,1,1800,202907
C0981,202907,1,1800,202907
C0978,202907,1,1800,202907
C0977,202907,1,1800,202907
C0976,202907,1,1800,202907
C0975,202907,1,1800,202907
C0979,202907,1,1800,202907
C0985,202908,1,1800,202908
C0986,202908,1,1800,202908
C0987,202908,1,1800,202908
C0988,202908,1,1800,202908
C0989,202908,1,1800,202908
C0990,202908,1,1800,202908
C0991,202908,1,1800,202908
C0997,202909,1,1800,202909
C0995,202909,1,1800,202909
C0996,202909,1,1800,202909
C0993,202909,1,1800,202909
C0992,202909,1,1800,202909
C0994,202909,1,1800,202909
C0998,202910,1,1800,202910
C1011,202910,1,1800,202910
C1010,202910,1,1800,202910
C1009,202910,1,1800,202910
C1007,202910,1,1800,202910
C1005,202910,1,1800,202910
C1008,202910,1,1800,202910
C1003,202910,1,1800,202910
C1002,202910,1,1800,202910
C1001,202910,1,1800,202910
C1000,202910,1,1800,202910
C0999,202910,1,1800,202910
C1004,202910,1,1800,202910
C1006,202910,1,1800,202910
C1019,202911,1,1800,202911
C1025,202911,1,1800,202911
C1024,202911,1,1800,202911
C1023,202911,1,1800,202911
C1022,202911,1,1800,202911
C1021,202911,1,1800,202911
C1020,202911,1,1800,202911
C1018,202911,1,1800,202911
C1016,202911,1,1800,202911
C1015,202911,1,1800,202911
C1014,202911,1,1800,202911
C1013,202911,1,1800,202911
C1012,202911,1,1800,202911
C1017,202911,1,1800,202911
C1035,202912,1,1800,202912
C1034,202912,1,1800,202912
C1033,202912,1,1800,202912
C1032,202912,1,1800,202912
C1031,202912,1,1800,202912
C1029,202912,1,1800,202912
C1028,202912,1,1800,202912
C1027,202912,1,1800,202912
C1026,202912,1,1800,202912
C1030,202912,1,1800,202912
C1041,202915,1,1800,202915
C1036,202915,1,1800,202915
C1037,202915,1,1800,202915
C1038,202915,1,1800,202915
C1039,202915,1,1800,202915
C1040,202915,1,1800,202915
C1042,202915,1,1800,202915
C1044,202916,26,41600,202941
C1043,202916,26,41600,202941
C1045,202917,1,1800,202917
C1046,202917,1,1800,202917
C1047,202919,1,1800,202919
C1055,202920,1,1800,202920
C1054,202920,1,1800,202920
C1052,202920,1,1800,202920
C1056,202920,1,1800,202920
C1050,202920,1,1800,202920
C1049,202920,1,1800,202920
C1048,202920,1,1800,202920
C1051,202920,1,1800,202920
C1053,202920,1,1800,202920
C1062,202921,1,1800,202921
C1057,202921,1,1800,202921
C1058,202921,1,1800,202921
C1059,202921,1,1800,202921
C1060,202921,1,1800,202921
C1061,202921,1,1800,202921
C1066,202922,1,1800,202922
C1065,202922,1,1800,202922
C1063,202922,1,1800,202922
C1067,202922,1,1800,202922
C1064,202922,1,1800,202922
C1068,202922,1,1800,202922
C1070,202923,1,1800,202923
C1069,202923,1,1800,202923
C1078,202924,1,1800,202924
C1071,202924,1,1800,202924
C1072,202924,1,1800,202924
C1073,202924,1,1800,202924
C1074,202924,1,1800,202924
C1075,202924,1,1800,202924
C1076,202924,1,1800,202924
C1077,202924,1,1800,202924
C1079,202924,1,1800,202924
C1085,202925,1,1800,202925
C1084,202925,1,1800,202925
C1083,202925,1,1800,202925
C1086,202925,1,1800,202925
C1081,202925,1,1800,202925
C1080,202925,1,1800,202925
C1082,202925,1,1800,202925
C1090,202927,1,1800,202927
C1089,202927,1,1800,202927
C1087,202927,1,1800,202927
C1088,202927,1,1800,202927
C1102,202928,1,1800,202928
C1098,202928,1,1800,202928
C1101,202928,1,1800,202928
C1100,202928,1,1800,202928
C1099,202928,1,1800,202928
C1097,202928,1,1800,202928
C1091,202928,1,1800,202928
C1095,202928,1,1800,202928
C1094,202928,1,1800,202928
C1093,202928,1,1800,202928
C1092,202928,1,1800,202928
C1096,202928,1,1800,202928
C1109,202929,1,1800,202929
C1108,202929,1,1800,202929
C1107,202929,1,1800,202929
C1106,202929,1,1800,202929
C1105,202929,1,1800,202929
C1104,202929,1,1800,202929
C1103,202929,1,1800,202929
C1110,202930,1,1800,202930
C1111,202930,1,1800,202930
C1112,202930,1,1800,202930
C1113,202930,1,1800,202930
C1115,202931,1,1800,202931
C1116,202931,1,1800,202931
C1114,202931,1,1800,202931
C1117,202932,1,1800,202932
C1118,202932,1,1800,202932
C1119,202933,1,1800,202933
C1125,202934,1,1800,202934
C1126,202934,1,1800,202934
C1123,202934,1,1800,202934
C1124,202934,1,1800,202934
C1121,202934,1,1800,202934
C1120,202934,1,1800,202934
C1122,202934,1,1800,202934
C1131,202936,1,1800,202936
C1127,202936,1,1800,202936
C1128,202936,1,1800,202936
C1129,202936,1,1800,202936
C1130,202936,1,1800,202936
C1132,202936,1,1800,202936
C1140,202938,1,1800,202938
C1141,202938,1,1800,202938
C1139,202938,1,1800,202938
C1143,202938,1,1800,202938
C1142,202938,1,1800,202938
C1138,202938,1,1800,202938
C1134,202938,1,1800,202938
C1136,202938,1,1800,202938
C1135,202938,1,1800,202938
C1137,202938,1,1800,202938
C1133,202938,1,1800,202938
C1157,202940,1,1800,202940
C1156,202940,1,1800,202940
C1155,202940,1,1800,202940
C1154,202940,1,1800,202940
C1153,202940,1,1800,202940
C1152,202940,1,1800,202940
C1151,202940,1,1800,202940
C1150,202940,1,1800,202940
C1149,202940,1,1800,202940
C1148,202940,1,1800,202940
C1147,202940,1,1800,202940
C1146,202940,1,1800,202940
C1145,202940,1,1800,202940
C1144,202940,1,1800,202940
C1158,202941,1,1800,202941
C1159,202941,1,1800,202941
C1164,202942,52,78000,203041
C1162,202942,52,78000,203041
C1163,202942,52,78000,203041
C1160,202942,52,78000,203041
C1161,202942,52,78000,203041
C1175,202943,1,1800,202943
C1177,202943,1,1800,202943
C1176,202943,1,1800,202943
C1174,202943,1,1800,202943
C1172,202943,1,1800,202943
C1171,202943,1,1800,202943
C1173,202943,1,1800,202943
C1169,202943,1,1800,202943
C1168,202943,1,1800,202943
C1167,202943,1,1800,202943
C1166,202943,1,1800,202943
C1165,202943,1,1800,202943
C1170,202943,1,1800,202943
C1182,202944,52,78000,203043
C1178,202944,52,78000,203043
C1179,202944,52,78000,203043
C1180,202944,52,78000,203043
C1181,202944,52,78000,203043
C1190,202945,52,78000,203044
C1189,202945,52,78000,203044
C1192,202945,52,78000,203044
C1191,202945,52,78000,203044
C1188,202945,52,78000,203044
C1186,202945,1,1800,202945
C1185,202945,1,1800,202945
C1184,202945,1,1800,202945
C1183,202945,1,1800,202945
C1187,202945,1,1800,202945
C1193,202946,1,1800,202946
C1194,202946,1,1800,202946
C1195,202946,1,1800,202946
C1200,202948,1,1800,202948
C1199,202948,1,1800,202948
C1198,202948,1,1800,202948
C1197,202948,1,1800,202948
C1196,202948,1,1800,202948
C1201,202949,1,1800,202949
C1202,202949,1,1800,202949
C1203,202949,1,1800,202949
C1204,202949,1,1800,202949
C1205,202949,1,1800,202949
C1206,202949,1,1800,202949
C1207,202949,1,1800,202949
C1208,202949,1,1800,202949
C1210,203002,1,1800,203002
C1214,203002,1,1800,203002
C1213,203002,1,1800,203002
C1209,203002,1,1800,203002
C1211,203002,1,1800,203002
C1212,203002,1,1800,203002
C1215,203003,1,1800,203003
C1216,203003,1,1800,203003
C1217,203003,1,1800,203003
C1218,203003,1,1800,203003
C1219,203003,1,1800,203003
C1220,203003,1,1800,203003
C1227,203004,1,1800,203004
C1226,203004,1,1800,203004
C1225,203004,1,1800,203004
C1221,203004,1,1800,203004
C1223,203004,1,1800,203004
C1222,203004,1,1800,203004
C1228,203004,1,1800,203004
C1224,203004,1,1800,203004
C1229,203004,1,1800,203004
C1235,203005,1,1800,203005
C1236,203005,1,1800,203005
C1233,203005,1,1800,203005
C1234,203005,1,1800,203005
C1231,203005,1,1800,203005
C1230,203005,1,1800,203005
C1232,203005,1,1800,203005
C1242,203006,1,1800,203006
C1237,203006,1,1800,203006
C1238,203006,1,1800,203006
C1239,203006,1,1800,203006
C1240,203006,1,1800,203006
C1241,203006,1,1800,203006
C1243,203006,1,1800,203006
C1244,203006,1,1800,203006
C1247,203007,1,1800,203007
C1248,203007,1,1800,203007
C1245,203007,1,1800,203007
C1246,203007,1,1800,203007
C1255,203008,1,1800,203008
C1256,203008,1,1800,203008
C1254,203008,1,1800,203008
C1253,203008,1,1800,203008
C1251,203008,1,1800,203008
C1250,203008,1,1800,203008
C1249,203008,1,1800,203008
C1252,203008,1,1800,203008
C1269,203009,1,1800,203009
C1268,203009,1,1800,203009
C1267,203009,1,1800,203009
C1265,203009,1,1800,203009
C1266,203009,1,1800,203009
C1264,203009,1,1800,203009
C1259,203009,1,1800,203009
C1262,203009,1,1800,203009
C1261,203009,1,1800,203009
C1260,203009,1,1800,203009
C1258,203009,1,1800,203009
C1257,203009,1,1800,203009
C1263,203009,1,1800,203009
C1276,203011,1,1800,203011
C1278,203011,1,1800,203011
C1277,203011,1,1800,203011
C1275,203011,1,1800,203011
C1279,203011,1,1800,203011
C1273,203011,1,1800,203011
C1272,203011,1,1800,203011
C1271,203011,1,1800,203011
C1270,203011,1,1800,203011
C1274,203011,1,1800,203011
C1290,203012,1,1800,203012
C1289,203012,1,1800,203012
C1287,203012,1,1800,203012
C1288,203012,1,1800,203012
C1286,203012,1,1800,203012
C1281,203012,1,1800,203012
C1284,203012,1,1800,203012
C1283,203012,1,1800,203012
C1282,203012,1,1800,203012
C1280,203012,1,1800,203012
C1285,203012,1,1800,203012
C1291,203015,1,1800,203015
C1301,203016,1,1800,203016
C1300,203016,1,1800,203016
C1299,203016,1,1800,203016
C1298,203016,1,1800,203016
C1297,203016,1,1800,203016
C1295,203016,1,1800,203016
C1294,203016,1,1800,203016
C1293,203016,1,1800,203016
C1292,203016,1,1800,203016
C1296,203016,1,1800,203016
C1310,203017,1,1800,203017
C1314,203017,1,1800,203017
C1313,203017,1,1800,203017
C1312,203017,1,1800,203017
C1315,203017,1,1800,203017
C1311,203017,1,1800,203017
C1309,203017,1,1800,203017
C1305,203017,1,1800,203017
C1307,203017,1,1800,203017
C1306,203017,1,1800,203017
C1304,203017,1,1800,203017
C1303,203017,1,1800,203017
C1302,203017,1,1800,203017
C1308,203017,1,1800,203017
C1316,203018,1,1800,203018
C1317,203018,1,1800,203018
C1318,203018,1,1800,203018
C1319,203018,1,1800,203018
C1320,203018,1,1800,203018
C1321,203018,1,1800,203018
C1322,203018,1,1800,203018
C1323,203018,1,1800,203018
C1332,203019,1,1800,203019
C1333,203019,1,1800,203019
C1331,203019,1,1800,203019
C1334,203019,1,1800,203019
C1335,203019,1,1800,203019
C1330,203019,1,1800,203019
C1325,203019,1,1800,203019
C1328,203019,1,1800,203019
C1327,203019,1,1800,203019
C1326,203019,1,1800,203019
C1324,203019,1,1800,203019
C1329,203019,1,1800,203019
C1336,203020,1,1800,203020
C1337,203020,1,1800,203020
C1338,203020,1,1800,203020
C1339,203020,1,1800,203020
C1351,203021,1,1800,203021
C1350,203021,1,1800,203021
C1349,203021,1,1800,203021
C1348,203021,1,1800,203021
C1347,203021,1,1800,203021
C1346,203021,1,1800,203021
C1343,203021,1,1800,203021
C1344,203021,1,1800,203021
C1342,203021,1,1800,203021
C1341,203021,1,1800,203021
C1340,203021,1,1800,203021
C1345,203021,1,1800,203021
C1358,203022,1,1800,203022
C1361,203022,1,1800,203022
C1360,203022,1,1800,203022
C1359,203022,1,1800,203022
C1357,203022,1,1800,203022
C1352,203022,1,1800,203022
C1355,203022,1,1800,203022
C1354,203022,1,1800,203022
C1353,203022,1,1800,203022
C1356,203022,1,1800,203022
C1365,203023,1,1800,203023
C1364,203023,1,1800,203023
C1366,203023,1,1800,203023
C1362,203023,1,1800,203023
C1363,203023,1,1800,203023
C1367,203024,1,1800,203024
C1368,203025,1,1800,203025
C1369,203025,1,1800,203025
C1370,203025,1,1800,203025
C1371,203025,1,1800,203025
C1376,203027,1,1800,203027
C1377,203027,1,1800,203027
C1375,203027,1,1800,203027
C1373,203027,1,1800,203027
C1372,203027,1,1800,203027
C1374,203027,1,1800,203027
C1378,203028,1,1800,203028
C1379,203028,1,1800,203028
C1380,203029,1,1800,203029
C1381,203029,1,1800,203029
C1382,203029,1,1800,203029
C1383,203029,1,1800,203029
C1384,203029,1,1800,203029
C1385,203029,1,1800,203029
C1386,203029,1,1800,203029
C1396,203031,1,1800,203031
C1397,203031,1,1800,203031
C1395,203031,1,1800,203031
C1393,203031,1,1800,203031
C1392,203031,1,1800,203031
C1394,203031,1,1800,203031
C1390,203031,1,1800,203031
C1389,203031,1,1800,203031
C1388,203031,1,1800,203031
C1387,203031,1,1800,203031
C1391,203031,1,1800,203031
C1410,203032,1,1800,203032
C1409,203032,1,1800,203032
C1408,203032,1,1800,203032
C1407,203032,1,1800,203032
C1406,203032,1,1800,203032
C1405,203032,1,1800,203032
C1402,203032,1,1800,203032
C1403,203032,1,1800,203032
C1401,203032,1,1800,203032
C1400,203032,1,1800,203032
C1399,203032,1,1800,203032
C1398,203032,1,1800,203032
C1411,203032,1,1800,203032
C1404,203032,1,1800,203032
C1419,203033,1,1800,203033
C1418,203033,1,1800,203033
C1421,203033,1,1800,203033
C1422,203033,1,1800,203033
C1417,203033,1,1800,203033
C1420,203033,1,1800,203033
C1415,203033,1,1800,203033
C1412,203033,1,1800,203033
C1416,203033,1,1800,203033
C1414,203033,1,1800,203033
C1413,203033,1,1800,203033
C1423,203034,1,1800,203034
C1424,203034,1,1800,203034
C1425,203034,1,1800,203034
C1426,203034,1,1800,203034
C1434,203036,1,1800,203036
C1433,203036,1,1800,203036
C1432,203036,1,1800,203036
C1431,203036,1,1800,203036
C1429,203036,1,1800,203036
C1428,203036,1,1800,203036
C1427,203036,1,1800,203036
C1430,203036,1,1800,203036
C1446,203037,1,1800,203037
C1445,203037,1,1800,203037
C1444,203037,1,1800,203037
C1443,203037,1,1800,203037
C1442,203037,1,1800,203037
C1441,203037,1,1800,203037
C1439,203037,1,1800,203037
C1435,203037,1,1800,203037
C1436,203037,1,1800,203037
C1440,203037,1,1800,203037
C1438,203037,1,1800,203037
C1437,203037,1,1800,203037
C1447,203038,1,1800,203038
C1448,203038,1,1800,203038
C1456,203039,1,1800,203039
C1455,203039,1,1800,203039
C1454,203039,1,1800,203039
C1453,203039,1,1800,203039
C1450,203039,1,1800,203039
C1449,203039,1,1800,203039
C1452,203039,1,1800,203039
C1451,203039,1,1800,203039
C1465,203040,1,1800,203040
C1470,203040,1,1800,203040
C1469,203040,1,1800,203040
C1468,203040,1,1800,203040
C1467,203040,1,1800,203040
C1466,203040,1,1800,203040
C1464,203040,1,1800,203040
C1462,203040,1,1800,203040
C1461,203040,1,1800,203040
C1460,203040,1,1800,203040
C1459,203040,1,1800,203040
C1458,203040,1,1800,203040
C1457,203040,1,1800,203040
C1463,203040,1,1800,203040
C1471,203041,1,1800,203041
C1489,203042,1,1800,203042
C1488,203042,1,1800,203042
C1486,203042,1,1800,203042
C1485,203042,1,1800,203042
C1484,203042,1,1800,203042
C1483,203042,1,1800,203042
C1482,203042,1,1800,203042
C1481,203042,1,1800,203042
C1487,203042,1,1800,203042
C1479,203042,1,1800,203042
C1478,203042,1,1800,203042
C1477,203042,1,1800,203042
C1476,203042,1,1800,203042
C1475,203042,1,1800,203042
C1474,203042,1,1800,203042
C1473,203042,1,1800,203042
C1472,203042,1,1800,203042
C1480,203042,1,1800,203042
C1504,203043,1,1800,203043
C1503,203043,1,1800,203043
C1502,203043,1,1800,203043
C1501,203043,1,1800,203043
C1500,203043,1,1800,203043
C1499,203043,1,1800,203043
C1498,203043,1,1800,203043
C1495,203043,1,1800,203043
C1496,203043,1,1800,203043
C1494,203043,1,1800,203043
C1493,203043,1,1800,203043
C1492,203043,1,1800,203043
C1491,203043,1,1800,203043
C1490,203043,1,1800,203043
C1497,203043,1,1800,203043
C1512,203044,1,1800,203044
C1516,203044,1,1800,203044
C1515,203044,1,1800,203044
C1514,203044,1,1800,203044
C1513,203044,1,1800,203044
C1511,203044,1,1800,203044
C1517,203044,1,1800,203044
C1509,203044,1,1800,203044
C1508,203044,1,1800,203044
C1507,203044,1,1800,203044
C1506,203044,1,1800,203044
C1505,203044,1,1800,203044
C1510,203044,1,1800,203044
C1518,203044,1,1800,203044
